id,X,Y,Z
mixed-antiquity-seq_000000_0-q000-f000,0.1052617845,-0.11980538893,0.26479411564
mixed-antiquity-seq_000000_0-q000-f006,0.08903972984,-0.11175358618999999,0.29664207224
mixed-antiquity-seq_000000_0-q000-f012,0.07384513097999999,-0.085583684272,0.33573148174
mixed-antiquity-seq_000000_0-q000-f018,0.053851102320000004,-0.033488565812,0.37187907123999997
mixed-antiquity-seq_000000_0-q000-f024,0.031596855060000005,0.015049984896,0.39336078760000004
mixed-antiquity-seq_000000_0-q000-f030,0.0027877685180000005,0.035096550432,0.4005201772
mixed-antiquity-seq_000000_0-q000-f036,-0.015933276166,0.052479155854,0.41430204574
mixed-antiquity-seq_000000_0-q000-f042,-0.025057822392000002,0.06122888877,0.40868751946000004
mixed-antiquity-seq_000000_0-q000-f048,-0.031121087859999997,0.06564590497199999,0.4091528806
mixed-antiquity-seq_000000_0-q000-f054,-0.03788840356,0.062506375894,0.40891072712
mixed-antiquity-seq_000000_0-q000-f060,-0.03153098205,0.06413092558599999,0.40967675776
mixed-antiquity-seq_000000_0-q000-f066,-0.024823953000000003,0.065082046372,0.40103010766
mixed-antiquity-seq_000000_0-q000-f072,-0.025106787951999998,0.062333130046,0.4006319004
mixed-antiquity-seq_000000_0-q000-f078,-0.033088053714,0.0640399328,0.4018354614
mixed-antiquity-seq_000000_0-q000-f084,-0.036077225528,0.057552488203999996,0.3996555093
mixed-antiquity-seq_000000_0-q000-f090,-0.028178118118000004,0.05605316544800001,0.39029018704
mixed-antiquity-seq_000000_0-q000-f096,-0.030232535888,0.052602146774,0.39127200094
mixed-antiquity-seq_000000_0-q000-f102,-0.032613783226,0.05537738781000001,0.38982048912
mixed-antiquity-seq_000000_0-q000-f108,-0.04286127274,0.05104754511,0.399070587
mixed-antiquity-seq_000000_0-q000-f114,-0.048134876167999996,0.049816571956000005,0.39986231771999997
mixed-antiquity-seq_000000_0-q000-f120,-0.053584338912,0.052506794479999994,0.40487141953999994
mixed-antiquity-seq_000000_0-q000-f126,-0.06819474618,0.042642651352,0.41678493532
mixed-antiquity-seq_000000_0-q000-f132,-0.06541571924,0.04221866864,0.42073259360000004
mixed-antiquity-seq_000000_0-q000-f138,-0.07273115116000001,0.035151008664,0.42273397506
mixed-antiquity-seq_000000_0-q000-f144,-0.07283156651200001,0.033105576676,0.426279085
mixed-antiquity-seq_000000_0-q000-f150,-0.073831639048,0.030756104939999997,0.43040325396
mixed-antiquity-seq_000000_0-q000-f156,-0.07271976670000001,0.030260689259999994,0.43274834556
mixed-antiquity-seq_000000_0-q000-f162,-0.07025682479999999,0.035899382732,0.4365510449000001
mixed-antiquity-seq_000000_0-q000-f168,-0.058294982759999996,0.043580466006000004,0.43181813872
mixed-antiquity-seq_000000_0-q000-f174,-0.063142103506,0.04025445266,0.43210934458
mixed-antiquity-seq_000000_0-q000-f180,-0.063209370108,0.03350344172,0.4303994958
mixed-antiquity-seq_000000_0-q000-f186,-0.06325822307600001,0.036707464954,0.43150972
mixed-antiquity-seq_000000_0-q001-f000,0.09847645596000001,-0.11204332842999999,0.26180650686
mixed-antiquity-seq_000000_0-q001-f006,0.08162644074,-0.10557597182799999,0.29280040514000005
mixed-antiquity-seq_000000_0-q001-f012,0.06863458936,-0.08179780818,0.33105568346
mixed-antiquity-seq_000000_0-q001-f018,0.04927852026,-0.03144529863,0.36772400182000003
mixed-antiquity-seq_000000_0-q001-f024,0.026153691674,0.019524950849999997,0.39022341584000003
mixed-antiquity-seq_000000_0-q001-f030,6.953701920000073e-05,0.0383884823,0.39751255916
mixed-antiquity-seq_000000_0-q001-f036,-0.017028551862,0.055288268788,0.41146552852
mixed-antiquity-seq_000000_0-q001-f042,-0.026780571674,0.06633420494,0.40893958512
mixed-antiquity-seq_000000_0-q001-f048,-0.032395155764000004,0.07029390944,0.4089245386
mixed-antiquity-seq_000000_0-q001-f054,-0.03766033972,0.067126113112,0.40840034446
mixed-antiquity-seq_000000_0-q001-f060,-0.032730376024,0.069419573908,0.4095989838
mixed-antiquity-seq_000000_0-q001-f066,-0.027613881728,0.07052354946,0.402723794
mixed-antiquity-seq_000000_0-q001-f072,-0.026830612468,0.06859033508,0.40180373366000005
mixed-antiquity-seq_000000_0-q001-f078,-0.03503975016,0.07045013348,0.40409308748
mixed-antiquity-seq_000000_0-q001-f084,-0.035859869896,0.06607692709400001,0.4002971801
mixed-antiquity-seq_000000_0-q001-f090,-0.029076061309999998,0.06449505737,0.3926934008
mixed-antiquity-seq_000000_0-q001-f096,-0.03058969594,0.061743701931999996,0.39315311410000003
mixed-antiquity-seq_000000_0-q001-f102,-0.03295588359,0.06391750297,0.39238716376
mixed-antiquity-seq_000000_0-q001-f108,-0.04093537824,0.060795238040000005,0.4003736598
mixed-antiquity-seq_000000_0-q001-f114,-0.04608651142,0.059545545364,0.40128500154
mixed-antiquity-seq_000000_0-q001-f120,-0.05085660244,0.062347325016,0.40712397056000005
mixed-antiquity-seq_000000_0-q001-f126,-0.06390613405,0.053246617754000004,0.41651603486
mixed-antiquity-seq_000000_0-q001-f132,-0.06172588127,0.05332350406,0.42034506874
mixed-antiquity-seq_000000_0-q001-f138,-0.06787960336,0.045660569427999995,0.42137213900000003
mixed-antiquity-seq_000000_0-q001-f144,-0.067468145908,0.045430594696,0.4247161784
mixed-antiquity-seq_000000_0-q001-f150,-0.068428131,0.04308235871,0.42873640384
mixed-antiquity-seq_000000_0-q001-f156,-0.067693886648,0.043310853328,0.43124428368
mixed-antiquity-seq_000000_0-q001-f162,-0.06657419215999999,0.050806248873999996,0.43595631526
mixed-antiquity-seq_000000_0-q001-f168,-0.063488943056,0.06855221852,0.4351422234
mixed-antiquity-seq_000000_0-q001-f174,-0.069465083348,0.06495708126000001,0.43478102454000006
mixed-antiquity-seq_000000_0-q001-f180,-0.071481668114,0.059476440379999995,0.4343256138
mixed-antiquity-seq_000000_0-q001-f186,-0.073128103,0.063693483592,0.43860394739999997
mixed-antiquity-seq_000000_0-q002-f000,0.09949430182,-0.10929056734,0.25438769472
mixed-antiquity-seq_000000_0-q002-f006,0.08180624339999999,-0.10221046592000001,0.28632308466
mixed-antiquity-seq_000000_0-q002-f012,0.06828194897999999,-0.079043207548,0.32467013135999995
mixed-antiquity-seq_000000_0-q002-f018,0.048688878000000005,-0.030398206624,0.36188450780000003
mixed-antiquity-seq_000000_0-q002-f024,0.025329179198000002,0.020266428746,0.38538502839999994
mixed-antiquity-seq_000000_0-q002-f030,-0.0016151233322999996,0.038613401375999994,0.3927585609
mixed-antiquity-seq_000000_0-q002-f036,-0.018701868592,0.054824298874,0.40683348080000004
mixed-antiquity-seq_000000_0-q002-f042,-0.028064008260000002,0.06607771402,0.40465597924
mixed-antiquity-seq_000000_0-q002-f048,-0.033455966018,0.0697660186,0.40466246339999995
mixed-antiquity-seq_000000_0-q002-f054,-0.03886022545,0.066752934964,0.40432082064
mixed-antiquity-seq_000000_0-q002-f060,-0.03405539849,0.06932724766,0.4053890688599999
mixed-antiquity-seq_000000_0-q002-f066,-0.028898942900000002,0.0709583882,0.39875447334
mixed-antiquity-seq_000000_0-q002-f072,-0.028401851134,0.06921266357200001,0.39813014769999994
mixed-antiquity-seq_000000_0-q002-f078,-0.036398599415999995,0.0707390305,0.4001006728
mixed-antiquity-seq_000000_0-q002-f084,-0.03784556182,0.067037305306,0.3973076084
mixed-antiquity-seq_000000_0-q002-f090,-0.031170481921999997,0.065837640812,0.38975125652
mixed-antiquity-seq_000000_0-q002-f096,-0.03267647046,0.063061250888,0.39039307816
mixed-antiquity-seq_000000_0-q002-f102,-0.035075947868,0.065040107908,0.38947980136
mixed-antiquity-seq_000000_0-q002-f108,-0.043514584756,0.061610210614,0.3980924336400001
mixed-antiquity-seq_000000_0-q002-f114,-0.04839643164,0.06009789817999999,0.39890835786
mixed-antiquity-seq_000000_0-q002-f120,-0.053133394480000005,0.06255456621,0.4047384295
mixed-antiquity-seq_000000_0-q002-f126,-0.066528520312,0.05331900562,0.41443852168
mixed-antiquity-seq_000000_0-q002-f132,-0.064275144108,0.05347768105,0.41822533028000003
mixed-antiquity-seq_000000_0-q002-f138,-0.0702175309,0.04522116097000001,0.4188166602
mixed-antiquity-seq_000000_0-q002-f144,-0.070070288968,0.045157409768,0.42286639505999996
mixed-antiquity-seq_000000_0-q002-f150,-0.07095622030000001,0.04272454339600001,0.42652458410000005
mixed-antiquity-seq_000000_0-q002-f156,-0.07017980612,0.04270731146,0.4292360457
mixed-antiquity-seq_000000_0-q002-f162,-0.06949297305999999,0.04966815844,0.43489995916
mixed-antiquity-seq_000000_0-q002-f168,-0.06612734489000001,0.069533431744,0.43887148934
mixed-antiquity-seq_000000_0-q002-f174,-0.071690859376,0.066721373146,0.438579319
mixed-antiquity-seq_000000_0-q002-f180,-0.07349816242799999,0.06104753279,0.43753269472
mixed-antiquity-seq_000000_0-q002-f186,-0.07539407466999999,0.06535535538,0.44246276224000003
mixed-antiquity-seq_000000_0-q003-f000,0.10400720776000001,-0.10583037136800001,0.246976256
mixed-antiquity-seq_000000_0-q003-f006,0.08547151986,-0.09899342622999999,0.27921672484
mixed-antiquity-seq_000000_0-q003-f012,0.07160713858000001,-0.076367511268,0.31769398876
mixed-antiquity-seq_000000_0-q003-f018,0.051127452052,-0.030085008546,0.35506436286000004
mixed-antiquity-seq_000000_0-q003-f024,0.027024051001999998,0.020754072261999996,0.37951352806000005
mixed-antiquity-seq_000000_0-q003-f030,-0.0024863869607999996,0.038333097706000005,0.38697433508
mixed-antiquity-seq_000000_0-q003-f036,-0.020303278186,0.054103371484,0.40116815949999995
mixed-antiquity-seq_000000_0-q003-f042,-0.029317130908000002,0.065253083148,0.39868909442
mixed-antiquity-seq_000000_0-q003-f048,-0.034639002179999996,0.06889819119200001,0.39898666048
mixed-antiquity-seq_000000_0-q003-f054,-0.04042282273199999,0.06572995629,0.3989020089
mixed-antiquity-seq_000000_0-q003-f060,-0.03558248275399999,0.06868153152,0.39910252484
mixed-antiquity-seq_000000_0-q003-f066,-0.02957703165,0.07098691466,0.39251063314
mixed-antiquity-seq_000000_0-q003-f072,-0.029751190414,0.0689768264,0.39211298888
mixed-antiquity-seq_000000_0-q003-f078,-0.037617489848,0.07039082226,0.3938841028000001
mixed-antiquity-seq_000000_0-q003-f084,-0.040268720849999995,0.06626500405600001,0.39198691941999997
mixed-antiquity-seq_000000_0-q003-f090,-0.033333260042,0.06573272212,0.38420813029999995
mixed-antiquity-seq_000000_0-q003-f096,-0.034872716554000004,0.0626564986,0.38509622308
mixed-antiquity-seq_000000_0-q003-f102,-0.037433146396,0.06451503513,0.38421418040000005
mixed-antiquity-seq_000000_0-q003-f108,-0.04719262657,0.06010846687600001,0.3934134441
mixed-antiquity-seq_000000_0-q003-f114,-0.051952546040000006,0.05842004968,0.39416100874000004
mixed-antiquity-seq_000000_0-q003-f120,-0.057096209576,0.060079040276,0.40017852446
mixed-antiquity-seq_000000_0-q003-f126,-0.07167575626,0.0505349301,0.41008604200000004
mixed-antiquity-seq_000000_0-q003-f132,-0.06896625534,0.05031876053999999,0.41365551512
mixed-antiquity-seq_000000_0-q003-f138,-0.07486436088000001,0.041987557726,0.41435662254000005
mixed-antiquity-seq_000000_0-q003-f144,-0.07484151517999998,0.04150822726,0.41861907899999995
mixed-antiquity-seq_000000_0-q003-f150,-0.0755781429,0.039182846403999994,0.42200562420000004
mixed-antiquity-seq_000000_0-q003-f156,-0.07428624656,0.038661531132,0.42419106274
mixed-antiquity-seq_000000_0-q003-f162,-0.07404194682,0.045400528807999996,0.42973481673999997
mixed-antiquity-seq_000000_0-q003-f168,-0.07231429544,0.065491517254,0.43422825328000003
mixed-antiquity-seq_000000_0-q003-f174,-0.07724168476,0.06254386626,0.43377277640000006
mixed-antiquity-seq_000000_0-q003-f180,-0.07824682904000001,0.056803239954,0.43227856620000005
mixed-antiquity-seq_000000_0-q003-f186,-0.08060138720000001,0.061149003285999995,0.43702964776
mixed-antiquity-seq_000000_0-q004-f000,0.094122505948,-0.10522386980000001,0.2554871292
mixed-antiquity-seq_000000_0-q004-f006,0.07692377534,-0.09799197296,0.28651253969999996
mixed-antiquity-seq_000000_0-q004-f012,0.063633564456,-0.07421062638,0.32390437052
mixed-antiquity-seq_000000_0-q004-f018,0.046026528328,-0.024727626892,0.36159092330000003
mixed-antiquity-seq_000000_0-q004-f024,0.022240614224,0.02577467876,0.3843660534
mixed-antiquity-seq_000000_0-q004-f030,-0.0028479135051999995,0.04329645493,0.39095564746
mixed-antiquity-seq_000000_0-q004-f036,-0.01936935452,0.059648804199999995,0.40411513915999997
mixed-antiquity-seq_000000_0-q004-f042,-0.028920392368,0.07217345078000001,0.40280282623999997
mixed-antiquity-seq_000000_0-q004-f048,-0.034144013192,0.07587135086,0.40232236268
mixed-antiquity-seq_000000_0-q004-f054,-0.03912606592,0.07270937508,0.40225796146000004
mixed-antiquity-seq_000000_0-q004-f060,-0.035198659996000005,0.07486352462000001,0.40385536624
mixed-antiquity-seq_000000_0-q004-f066,-0.030604444919999998,0.07640415689199999,0.39762418524
mixed-antiquity-seq_000000_0-q004-f072,-0.029686528056,0.07457638268,0.39675856508
mixed-antiquity-seq_000000_0-q004-f078,-0.037658686096,0.07663677954,0.39885337768
mixed-antiquity-seq_000000_0-q004-f084,-0.038348946812,0.07263707578,0.3958436734
mixed-antiquity-seq_000000_0-q004-f090,-0.0323284683,0.07082784903999999,0.38908067612
mixed-antiquity-seq_000000_0-q004-f096,-0.033808174284,0.06842755923999999,0.3897809337
mixed-antiquity-seq_000000_0-q004-f102,-0.035995927212,0.07027234632799999,0.38881298566
mixed-antiquity-seq_000000_0-q004-f108,-0.0433557081,0.06673405256,0.3968254564
mixed-antiquity-seq_000000_0-q004-f114,-0.048242532606000005,0.06539291352400001,0.39781316574000003
mixed-antiquity-seq_000000_0-q004-f120,-0.05286150352,0.068058339454,0.40373913056
mixed-antiquity-seq_000000_0-q004-f126,-0.06575957392,0.059368114849999994,0.4133678434
mixed-antiquity-seq_000000_0-q004-f132,-0.063588997572,0.05957638814,0.41743795714000004
mixed-antiquity-seq_000000_0-q004-f138,-0.06926596684,0.05155663438,0.41789243608000004
mixed-antiquity-seq_000000_0-q004-f144,-0.06895729415,0.051711153610000005,0.42195598514000004
mixed-antiquity-seq_000000_0-q004-f150,-0.06983139628,0.049726620906,0.4259899539
mixed-antiquity-seq_000000_0-q004-f156,-0.06925469276,0.049697845819999996,0.4292060856
mixed-antiquity-seq_000000_0-q004-f162,-0.06835158709,0.056021889703999996,0.43454767824
mixed-antiquity-seq_000000_0-q004-f168,-0.063635210626,0.073688722344,0.43645326249999994
mixed-antiquity-seq_000000_0-q004-f174,-0.069393305054,0.070875445636,0.43585333670000004
mixed-antiquity-seq_000000_0-q004-f180,-0.07183475058000001,0.065806104926,0.4353756216
mixed-antiquity-seq_000000_0-q004-f186,-0.07331839436000001,0.070017502194,0.44056222788000005
mixed-antiquity-seq_000000_0-q005-f000,0.09103682962,-0.10331085564,0.2563532056
mixed-antiquity-seq_000000_0-q005-f006,0.07417563381999999,-0.09607791136,0.28729394808
mixed-antiquity-seq_000000_0-q005-f012,0.060842587832,-0.0726232824,0.3237922496
mixed-antiquity-seq_000000_0-q005-f018,0.043720125379999995,-0.023512474454000003,0.3605819466
mixed-antiquity-seq_000000_0-q005-f024,0.02031945457,0.02682387234,0.38247215954
mixed-antiquity-seq_000000_0-q005-f030,-0.0038993523035999998,0.04357285819,0.38837607732
mixed-antiquity-seq_000000_0-q005-f036,-0.02016418209,0.06007776578,0.4009752086
mixed-antiquity-seq_000000_0-q005-f042,-0.029693792968,0.07342509717,0.40031778689999997
mixed-antiquity-seq_000000_0-q005-f048,-0.034957245906,0.07690676424000001,0.39942687524000003
mixed-antiquity-seq_000000_0-q005-f054,-0.039629381416,0.07356365981,0.39944844690000003
mixed-antiquity-seq_000000_0-q005-f060,-0.03629242315,0.07541984724,0.40095699324
mixed-antiquity-seq_000000_0-q005-f066,-0.031958167303999994,0.077063793508,0.39538364649999996
mixed-antiquity-seq_000000_0-q005-f072,-0.030841460044,0.0751693896,0.39412460334
mixed-antiquity-seq_000000_0-q005-f078,-0.038695066308,0.07747070008,0.39621870116
mixed-antiquity-seq_000000_0-q005-f084,-0.039201578504,0.07316139432,0.39297897884
mixed-antiquity-seq_000000_0-q005-f090,-0.033271408636,0.07121994933999999,0.3868027952
mixed-antiquity-seq_000000_0-q005-f096,-0.03479494228399999,0.069060737252,0.3875330996
mixed-antiquity-seq_000000_0-q005-f102,-0.036822882712,0.07067813395,0.38667690508
mixed-antiquity-seq_000000_0-q005-f108,-0.04368741108,0.066840501328,0.3937406742
mixed-antiquity-seq_000000_0-q005-f114,-0.048585571345999994,0.06569435152,0.3949701602
mixed-antiquity-seq_000000_0-q005-f120,-0.05318048226,0.068330648248,0.4009421832
mixed-antiquity-seq_000000_0-q005-f126,-0.06577260730800001,0.05998159016,0.41019774964
mixed-antiquity-seq_000000_0-q005-f132,-0.063496320712,0.060030389044,0.41404632560000004
mixed-antiquity-seq_000000_0-q005-f138,-0.06882843990000001,0.052351606712,0.41450428652000004
mixed-antiquity-seq_000000_0-q005-f144,-0.06838377099199999,0.05234755149,0.41828190766
mixed-antiquity-seq_000000_0-q005-f150,-0.06924280482,0.05069265424,0.4224196921
mixed-antiquity-seq_000000_0-q005-f156,-0.06879578142,0.050313041152,0.42552696879999996
mixed-antiquity-seq_000000_0-q005-f162,-0.06798548978,0.055890797514,0.43043518008
mixed-antiquity-seq_000000_0-q005-f168,-0.0620726563,0.07066773301200001,0.42986507129999996
mixed-antiquity-seq_000000_0-q005-f174,-0.06715964652,0.068266576768,0.42932862116000003
mixed-antiquity-seq_000000_0-q005-f180,-0.07014993555999999,0.06350111593,0.42917064803999994
mixed-antiquity-seq_000000_0-q005-f186,-0.07167762934000001,0.06757062685200001,0.4343512724
mixed-antiquity-seq_000000_0-q006-f000,0.09349348537999999,-0.10114209156,0.25104901189999995
mixed-antiquity-seq_000000_0-q006-f006,0.07643253996,-0.09410319273000001,0.2820752098
mixed-antiquity-seq_000000_0-q006-f012,0.06327339879,-0.07086125164,0.3189851244
mixed-antiquity-seq_000000_0-q006-f018,0.045963089687999996,-0.022918292404,0.35640380459999993
mixed-antiquity-seq_000000_0-q006-f024,0.022502312179999998,0.027210083747999998,0.37861320772
mixed-antiquity-seq_000000_0-q006-f030,-0.0028451793944,0.043848390756,0.38487864986000003
mixed-antiquity-seq_000000_0-q006-f036,-0.01915870333,0.05942902388,0.39776693476
mixed-antiquity-seq_000000_0-q006-f042,-0.02814519132,0.07227652052000001,0.3967387214
mixed-antiquity-seq_000000_0-q006-f048,-0.033171224168,0.07575697759,0.39604207254
mixed-antiquity-seq_000000_0-q006-f054,-0.03812292829999999,0.0725147231,0.3961239573
mixed-antiquity-seq_000000_0-q006-f060,-0.034550517392,0.07458709684,0.39743788036
mixed-antiquity-seq_000000_0-q006-f066,-0.029922069164,0.07654375982,0.391658504
mixed-antiquity-seq_000000_0-q006-f072,-0.029108860238,0.07474849298000001,0.39072102172000006
mixed-antiquity-seq_000000_0-q006-f078,-0.036873139892,0.07668959996,0.3927979822
mixed-antiquity-seq_000000_0-q006-f084,-0.037924129332,0.07284447427999999,0.39004079892
mixed-antiquity-seq_000000_0-q006-f090,-0.03186596536,0.07121303328,0.38351759809999997
mixed-antiquity-seq_000000_0-q006-f096,-0.033370909084,0.068921550392,0.38433421320000005
mixed-antiquity-seq_000000_0-q006-f102,-0.0354998292,0.070579548556,0.38348787932
mixed-antiquity-seq_000000_0-q006-f108,-0.043117701046000004,0.06642336989,0.39144366946
mixed-antiquity-seq_000000_0-q006-f114,-0.04797100362,0.06510130677999999,0.39257420060000003
mixed-antiquity-seq_000000_0-q006-f120,-0.052604588147999995,0.06707894937600001,0.39861814026
mixed-antiquity-seq_000000_0-q006-f126,-0.06605722993999999,0.05799730458,0.40825636319999997
mixed-antiquity-seq_000000_0-q006-f132,-0.06370875724,0.058143289708,0.41215723156
mixed-antiquity-seq_000000_0-q006-f138,-0.069371529888,0.04997531146,0.4126903129400001
mixed-antiquity-seq_000000_0-q006-f144,-0.06904248312,0.04988559209,0.41688465612
mixed-antiquity-seq_000000_0-q006-f150,-0.0699714769,0.047996381874,0.42089460728
mixed-antiquity-seq_000000_0-q006-f156,-0.06940398162,0.047646002976,0.4240861078
mixed-antiquity-seq_000000_0-q006-f162,-0.068740056608,0.053415605854,0.42949857959999993
mixed-antiquity-seq_000000_0-q006-f168,-0.06431654168999999,0.07087005704799999,0.43264277468
mixed-antiquity-seq_000000_0-q006-f174,-0.06953968612,0.06832797908,0.43225446479999996
mixed-antiquity-seq_000000_0-q006-f180,-0.07182652362,0.063338068254,0.4316551363
mixed-antiquity-seq_000000_0-q006-f186,-0.07356826425999999,0.06743482980599999,0.43713980539999997
mixed-antiquity-seq_000000_0-q007-f000,0.10284027812,-0.097296269272,0.24223049456
mixed-antiquity-seq_000000_0-q007-f006,0.08373651118,-0.09134040896000001,0.2746223644
mixed-antiquity-seq_000000_0-q007-f012,0.06973597407,-0.06922756824,0.3133952419
mixed-antiquity-seq_000000_0-q007-f018,0.05009499578,-0.02451183866,0.3513494977
mixed-antiquity-seq_000000_0-q007-f024,0.025672005446000002,0.026954675322,0.37558651964
mixed-antiquity-seq_000000_0-q007-f030,-0.0037909697127999995,0.0427176277,0.38109735476
mixed-antiquity-seq_000000_0-q007-f036,-0.021087323776,0.057808886420000004,0.39435497956
mixed-antiquity-seq_000000_0-q007-f042,-0.02953029656,0.07005302712,0.39297585426000003
mixed-antiquity-seq_000000_0-q007-f048,-0.0343395803,0.07366033447999999,0.3930106560600001
mixed-antiquity-seq_000000_0-q007-f054,-0.03980645040999999,0.07025857688,0.39293861179999995
mixed-antiquity-seq_000000_0-q007-f060,-0.035838443634,0.07319758332,0.3930592756
mixed-antiquity-seq_000000_0-q007-f066,-0.03007151331,0.075787158652,0.38758440209999995
mixed-antiquity-seq_000000_0-q007-f072,-0.030219915565999997,0.07393429146000001,0.38693807752
mixed-antiquity-seq_000000_0-q007-f078,-0.03783245736,0.07522763824,0.38865108826
mixed-antiquity-seq_000000_0-q007-f084,-0.040631729392,0.07183092964000001,0.38659765115999994
mixed-antiquity-seq_000000_0-q007-f090,-0.033863934158,0.07089991942,0.3794976309
mixed-antiquity-seq_000000_0-q007-f096,-0.03536782242,0.068171373844,0.38036160407999997
mixed-antiquity-seq_000000_0-q007-f102,-0.037712960680000004,0.0694080656,0.37958518834000005
mixed-antiquity-seq_000000_0-q007-f108,-0.0473781648,0.06457715077000001,0.38832450723999995
mixed-antiquity-seq_000000_0-q007-f114,-0.05205316969,0.06284362706,0.38922257574
mixed-antiquity-seq_000000_0-q007-f120,-0.05708082128999999,0.06356397115399999,0.3951942289
mixed-antiquity-seq_000000_0-q007-f126,-0.07228358968,0.053800845648,0.40503628329999997
mixed-antiquity-seq_000000_0-q007-f132,-0.06945100508,0.053837937988,0.40868179448
mixed-antiquity-seq_000000_0-q007-f138,-0.07496537736,0.04501607546,0.40895719410000003
mixed-antiquity-seq_000000_0-q007-f144,-0.0751095462,0.044560430399999996,0.41367469549999997
mixed-antiquity-seq_000000_0-q007-f150,-0.075901242848,0.04263368971,0.41736717900000003
mixed-antiquity-seq_000000_0-q007-f156,-0.07482125354,0.04193629088,0.42004814934
mixed-antiquity-seq_000000_0-q007-f162,-0.07528604103999999,0.0481836754,0.42638424795999996
mixed-antiquity-seq_000000_0-q007-f168,-0.0750470823,0.06741372022,0.43319422416
mixed-antiquity-seq_000000_0-q007-f174,-0.07945835266000001,0.06472348834,0.43282866999999997
mixed-antiquity-seq_000000_0-q007-f180,-0.080569937392,0.059662699974,0.43176232386
mixed-antiquity-seq_000000_0-q007-f186,-0.083399564,0.06349043754,0.43694161166
mixed-antiquity-seq_000000_0-q008-f000,0.08202788416000001,-0.09925644568799999,0.26321815152
mixed-antiquity-seq_000000_0-q008-f006,0.06602456062,-0.09487889702,0.29160433108
mixed-antiquity-seq_000000_0-q008-f012,0.05408997542,-0.07209411864,0.327228102
mixed-antiquity-seq_000000_0-q008-f018,0.03717163160800001,-0.020539452914,0.36324962295999996
mixed-antiquity-seq_000000_0-q008-f024,0.013779324956,0.03076592002,0.3819903238
mixed-antiquity-seq_000000_0-q008-f030,-0.011063852614,0.046579158566,0.38671733488000004
mixed-antiquity-seq_000000_0-q008-f036,-0.027675186569999996,0.06332968282,0.3978389036
mixed-antiquity-seq_000000_0-q008-f042,-0.038561003286,0.07935236229999999,0.3977376438
mixed-antiquity-seq_000000_0-q008-f048,-0.044077883868,0.08311874404,0.3963706221
mixed-antiquity-seq_000000_0-q008-f054,-0.04871694326,0.07995125307999999,0.39712436024000003
mixed-antiquity-seq_000000_0-q008-f060,-0.04650446054400001,0.08143875732,0.39848488305999996
mixed-antiquity-seq_000000_0-q008-f066,-0.04244424368,0.08272461148,0.39324401356
mixed-antiquity-seq_000000_0-q008-f072,-0.04176021466,0.08160414881000001,0.39101473506
mixed-antiquity-seq_000000_0-q008-f078,-0.049700946384,0.08438374246,0.39348806036
mixed-antiquity-seq_000000_0-q008-f084,-0.050383540271999996,0.0806290697,0.390185481
mixed-antiquity-seq_000000_0-q008-f090,-0.044198152966,0.07791022088,0.38429403944
mixed-antiquity-seq_000000_0-q008-f096,-0.046092266536,0.07673961656,0.38562051326
mixed-antiquity-seq_000000_0-q008-f102,-0.04814674097,0.07797063645999999,0.38496001820000003
mixed-antiquity-seq_000000_0-q008-f108,-0.054773179088,0.07480673618,0.39066676784
mixed-antiquity-seq_000000_0-q008-f114,-0.05982729573,0.07325843874799999,0.39255497952
mixed-antiquity-seq_000000_0-q008-f120,-0.06447334722,0.07623791614,0.39895395565999997
mixed-antiquity-seq_000000_0-q008-f126,-0.07764432649999999,0.06810316592,0.40877516535999997
mixed-antiquity-seq_000000_0-q008-f132,-0.0757050633,0.06829229476399999,0.41179305820000006
mixed-antiquity-seq_000000_0-q008-f138,-0.0806672869,0.06007210068999999,0.41264626364
mixed-antiquity-seq_000000_0-q008-f144,-0.0800851479,0.06031744184,0.41649786592
mixed-antiquity-seq_000000_0-q008-f150,-0.08126755432,0.059035576728,0.4204779492
mixed-antiquity-seq_000000_0-q008-f156,-0.08165190318,0.058614661580000005,0.4232387003
mixed-antiquity-seq_000000_0-q008-f162,-0.08054417671,0.06435588642,0.427091688
mixed-antiquity-seq_000000_0-q008-f168,-0.07052747085000001,0.07674948981,0.4212781563
mixed-antiquity-seq_000000_0-q008-f174,-0.07377270312,0.07468445032000001,0.420590459
mixed-antiquity-seq_000000_0-q008-f180,-0.07705288613,0.06932016753400001,0.42137757696
mixed-antiquity-seq_000000_0-q008-f186,-0.07806852684000001,0.07378366198,0.42719333268000004
mixed-antiquity-seq_000000_0-q009-f000,0.10633457176000001,-0.09289047552000002,0.24295682794
mixed-antiquity-seq_000000_0-q009-f006,0.08624760977200001,-0.0876956917,0.27552654732000004
mixed-antiquity-seq_000000_0-q009-f012,0.07162175253,-0.06629615561,0.31306618792
mixed-antiquity-seq_000000_0-q009-f018,0.050492189434,-0.022671544686,0.35013940035999996
mixed-antiquity-seq_000000_0-q009-f024,0.025341742728,0.029071220715999997,0.375485175
mixed-antiquity-seq_000000_0-q009-f030,-0.003714587029,0.043435428608,0.380903976
mixed-antiquity-seq_000000_0-q009-f036,-0.020977967194,0.058184470546,0.39381096256
mixed-antiquity-seq_000000_0-q009-f042,-0.02917289939,0.07140923646,0.39331727256
mixed-antiquity-seq_000000_0-q009-f048,-0.033849874440000004,0.07491983954,0.39310053396
mixed-antiquity-seq_000000_0-q009-f054,-0.039236853806,0.07119928074,0.3931040636
mixed-antiquity-seq_000000_0-q009-f060,-0.035795568684,0.073999985988,0.3928789938
mixed-antiquity-seq_000000_0-q009-f066,-0.030127151934,0.07684092584,0.3877735046
mixed-antiquity-seq_000000_0-q009-f072,-0.030160744876,0.07496653500000001,0.38708629980000003
mixed-antiquity-seq_000000_0-q009-f078,-0.037556543660000004,0.07626761596,0.38869092439999997
mixed-antiquity-seq_000000_0-q009-f084,-0.040397487276,0.07322432798,0.38695010676
mixed-antiquity-seq_000000_0-q009-f090,-0.033928390368,0.07205542784800001,0.38035790876
mixed-antiquity-seq_000000_0-q009-f096,-0.03524991551,0.06940980927200001,0.38130616388
mixed-antiquity-seq_000000_0-q009-f102,-0.037560598568,0.07046034586000001,0.3805101155
mixed-antiquity-seq_000000_0-q009-f108,-0.047523925348,0.06533416781200001,0.38910361592
mixed-antiquity-seq_000000_0-q009-f114,-0.05225984916,0.06361512182399999,0.39012427028
mixed-antiquity-seq_000000_0-q009-f120,-0.05772055742,0.0637136871,0.39620120773999995
mixed-antiquity-seq_000000_0-q009-f126,-0.07339423874,0.053696361383999996,0.40584196060000005
mixed-antiquity-seq_000000_0-q009-f132,-0.07036607324000001,0.053768330328,0.4096232098
mixed-antiquity-seq_000000_0-q009-f138,-0.07572824891999999,0.044840267552,0.40943111332
mixed-antiquity-seq_000000_0-q009-f144,-0.07579315522000002,0.044593166860000005,0.41446108586
mixed-antiquity-seq_000000_0-q009-f150,-0.076590488988,0.042943382686,0.41844829592000005
mixed-antiquity-seq_000000_0-q009-f156,-0.07546661624800001,0.042213252284000004,0.42125036256
mixed-antiquity-seq_000000_0-q009-f162,-0.07590004210000001,0.04843982422,0.4278792756
mixed-antiquity-seq_000000_0-q009-f168,-0.07700145536,0.06743656533,0.43599739149999994
mixed-antiquity-seq_000000_0-q009-f174,-0.08119312137000001,0.064894776726,0.43550791019999996
mixed-antiquity-seq_000000_0-q009-f180,-0.08207647046,0.060321091625999995,0.43461134451999994
mixed-antiquity-seq_000000_0-q009-f186,-0.08505277617999998,0.06417146212,0.43999905534
mixed-antiquity-seq_000000_0-q010-f000,-0.08911122096,-0.14368396503999997,0.38294059406
mixed-antiquity-seq_000000_0-q010-f006,-0.052061540544,-0.12141930729999999,0.40655445100000004
mixed-antiquity-seq_000000_0-q010-f012,-0.024349351448000003,-0.08199011192000001,0.43610110246
mixed-antiquity-seq_000000_0-q010-f018,0.0006220760119999999,-0.029519942454,0.45079722134000005
mixed-antiquity-seq_000000_0-q010-f024,-0.009619312654000001,0.015660146442,0.468099016
mixed-antiquity-seq_000000_0-q010-f030,0.0009000218139999995,0.04133281684,0.4557516587
mixed-antiquity-seq_000000_0-q010-f036,0.010946694573799999,0.05572349808,0.46737440384
mixed-antiquity-seq_000000_0-q010-f042,0.019184812924,0.055202942240000004,0.46280182334
mixed-antiquity-seq_000000_0-q010-f048,0.026885713354,0.058207789929999997,0.46790663645999997
mixed-antiquity-seq_000000_0-q010-f054,0.031325758934,0.052198158148,0.46761087514
mixed-antiquity-seq_000000_0-q010-f060,0.03186960850000001,0.058424107626000005,0.46614595991999996
mixed-antiquity-seq_000000_0-q010-f066,0.02436593551,0.05967230725,0.46149153834000006
mixed-antiquity-seq_000000_0-q010-f072,0.028239657386,0.062357615879999995,0.46085961544
mixed-antiquity-seq_000000_0-q010-f078,0.011934024000599999,0.07175490238,0.45497277516
mixed-antiquity-seq_000000_0-q010-f084,0.0074958521491000005,0.07355212662,0.45173905445999996
mixed-antiquity-seq_000000_0-q010-f090,-0.005080086201999999,0.061910174212000006,0.44409117994
mixed-antiquity-seq_000000_0-q010-f096,-0.003714830590000001,0.06480839996,0.44061780452
mixed-antiquity-seq_000000_0-q010-f102,-0.001733624292000001,0.065729727148,0.44258827570000003
mixed-antiquity-seq_000000_0-q010-f108,-0.010984297546000003,0.06862897469200001,0.44816764436
mixed-antiquity-seq_000000_0-q010-f114,-0.025104489646,0.07320608046600001,0.45232483019999997
mixed-antiquity-seq_000000_0-q010-f120,-0.036018718856,0.068690489792,0.4709305166
mixed-antiquity-seq_000000_0-q010-f126,-0.046420961594000006,0.059086506834,0.48209074009999997
mixed-antiquity-seq_000000_0-q010-f132,-0.037146775684,0.056264592386,0.4915549604
mixed-antiquity-seq_000000_0-q010-f138,-0.05023605811,0.058912191848000006,0.49787764187999994
mixed-antiquity-seq_000000_0-q010-f144,-0.050734978952,0.060966331234,0.504126008
mixed-antiquity-seq_000000_0-q010-f150,-0.05251119746,0.06376548441,0.50402791306
mixed-antiquity-seq_000000_0-q010-f156,-0.052980122392,0.06597018971,0.5075340516
mixed-antiquity-seq_000000_0-q010-f162,-0.053775384492,0.06162087806,0.5015279766
mixed-antiquity-seq_000000_0-q010-f168,-0.061052000440000004,0.06853088444,0.49297026152
mixed-antiquity-seq_000000_0-q010-f174,-0.060836529216,0.073073680906,0.48943929474
mixed-antiquity-seq_000000_0-q010-f180,-0.06968542936000001,0.067584289896,0.4828659514
mixed-antiquity-seq_000000_0-q010-f186,-0.08042210226,0.070177519454,0.49003285236
mixed-antiquity-seq_000000_0-q011-f000,0.08573234696,-0.09698601674,0.25524575428
mixed-antiquity-seq_000000_0-q011-f006,0.06908449965999999,-0.09077310905000001,0.2860538838
mixed-antiquity-seq_000000_0-q011-f012,0.056300729308,-0.068690102112,0.322056378
mixed-antiquity-seq_000000_0-q011-f018,0.03997689734,-0.020428475696,0.35910207256000004
mixed-antiquity-seq_000000_0-q011-f024,0.017622965446,0.030717179894,0.38147151256
mixed-antiquity-seq_000000_0-q011-f030,-0.007087635256,0.04621914094000001,0.38692432768
mixed-antiquity-seq_000000_0-q011-f036,-0.023236472045999997,0.06268566767,0.3991948114
mixed-antiquity-seq_000000_0-q011-f042,-0.032588472754,0.0772794696,0.39959612406
mixed-antiquity-seq_000000_0-q011-f048,-0.037983440726,0.08059927170999999,0.39812297752
mixed-antiquity-seq_000000_0-q011-f054,-0.04232556348,0.07703810216000001,0.39860455108000004
mixed-antiquity-seq_000000_0-q011-f060,-0.03984862834,0.078394124212,0.39995665676
mixed-antiquity-seq_000000_0-q011-f066,-0.035894800808,0.08042694218,0.39500790356
mixed-antiquity-seq_000000_0-q011-f072,-0.034851113079999996,0.07879715652000001,0.39334019423999994
mixed-antiquity-seq_000000_0-q011-f078,-0.042539449660000006,0.081186755208,0.39554422236000003
mixed-antiquity-seq_000000_0-q011-f084,-0.0427797079,0.07695398734,0.39260174034
mixed-antiquity-seq_000000_0-q011-f090,-0.036799704588,0.07499655876,0.3871265597
mixed-antiquity-seq_000000_0-q011-f096,-0.038348651146,0.07335881936000001,0.3881643563
mixed-antiquity-seq_000000_0-q011-f102,-0.040330205074,0.074356737732,0.38760644736
mixed-antiquity-seq_000000_0-q011-f108,-0.046625504026,0.070194700454,0.39375109294
mixed-antiquity-seq_000000_0-q011-f114,-0.05161489072,0.068999027768,0.39548228346
mixed-antiquity-seq_000000_0-q011-f120,-0.056310122388,0.07105778989,0.4019028672
mixed-antiquity-seq_000000_0-q011-f126,-0.06922000807,0.062331383572,0.41104008940000003
mixed-antiquity-seq_000000_0-q011-f132,-0.06658478777599999,0.062295748006,0.41432541104
mixed-antiquity-seq_000000_0-q011-f138,-0.07182504992,0.054392244719999996,0.41474059334
mixed-antiquity-seq_000000_0-q011-f144,-0.07074636972000001,0.054208627472000004,0.41882858406
mixed-antiquity-seq_000000_0-q011-f150,-0.07185445894,0.05301997344,0.422962371
mixed-antiquity-seq_000000_0-q011-f156,-0.07143516486,0.052152236085999996,0.42577647692000004
mixed-antiquity-seq_000000_0-q011-f162,-0.07066008491999999,0.05653241541,0.43039929300000007
mixed-antiquity-seq_000000_0-q011-f168,-0.063150016448,0.06882525472,0.42700128226
mixed-antiquity-seq_000000_0-q011-f174,-0.066763882776,0.066871538756,0.42652919300000003
mixed-antiquity-seq_000000_0-q011-f180,-0.070283503952,0.062044964944000004,0.42707619774000005
mixed-antiquity-seq_000000_0-q011-f186,-0.072735382032,0.066230332388,0.43292788934
mixed-antiquity-seq_000000_0-q012-f000,-0.09595803402,-0.14021497856,0.38617021643999994
mixed-antiquity-seq_000000_0-q012-f006,-0.057792935165999995,-0.11795675418000001,0.41214656512
mixed-antiquity-seq_000000_0-q012-f012,-0.028693821276000002,-0.080617462968,0.444230339
mixed-antiquity-seq_000000_0-q012-f018,-0.003159475916,-0.030555312882000002,0.46054955109999995
mixed-antiquity-seq_000000_0-q012-f024,-0.009772789304000001,0.014316401618,0.47998632916
mixed-antiquity-seq_000000_0-q012-f030,0.00017903206400000015,0.038946683636000005,0.46835358799999993
mixed-antiquity-seq_000000_0-q012-f036,0.0114633890144,0.052691883386,0.48031336092
mixed-antiquity-seq_000000_0-q012-f042,0.020361355278,0.050662961354,0.4759092146
mixed-antiquity-seq_000000_0-q012-f048,0.028239891602,0.051767106632,0.48057012700000007
mixed-antiquity-seq_000000_0-q012-f054,0.034117779976,0.04602391501999999,0.47999295108
mixed-antiquity-seq_000000_0-q012-f060,0.034375536574,0.052542475026000006,0.47836120106
mixed-antiquity-seq_000000_0-q012-f066,0.026779971274000003,0.055187142472,0.4738702769
mixed-antiquity-seq_000000_0-q012-f072,0.030485087644,0.056981296934,0.47339998594000005
mixed-antiquity-seq_000000_0-q012-f078,0.0138785925254,0.0669627407,0.46786754979999995
mixed-antiquity-seq_000000_0-q012-f084,0.0080231995728,0.06918941421,0.4640837584
mixed-antiquity-seq_000000_0-q012-f090,-0.0036585469440000005,0.05914726476,0.4572421714
mixed-antiquity-seq_000000_0-q012-f096,-0.003345144932,0.06114894860999999,0.45312113031999995
mixed-antiquity-seq_000000_0-q012-f102,-0.00106296303,0.062522010492,0.4548216812
mixed-antiquity-seq_000000_0-q012-f108,-0.010368327435999998,0.0663945116,0.46043978364000004
mixed-antiquity-seq_000000_0-q012-f114,-0.023712329562,0.07248622182,0.46509019334
mixed-antiquity-seq_000000_0-q012-f120,-0.034073460134000005,0.068176603448,0.48363731064000004
mixed-antiquity-seq_000000_0-q012-f126,-0.043835927563999996,0.05961304642,0.4944276112
mixed-antiquity-seq_000000_0-q012-f132,-0.034039931940000004,0.054244874834,0.5044287082
mixed-antiquity-seq_000000_0-q012-f138,-0.046854125124,0.057474886999999995,0.51182480388
mixed-antiquity-seq_000000_0-q012-f144,-0.047666252347999996,0.05964843438799999,0.51806448528
mixed-antiquity-seq_000000_0-q012-f150,-0.049712815179999995,0.062235064699999995,0.5180630014800001
mixed-antiquity-seq_000000_0-q012-f156,-0.05010103694,0.06433898186399999,0.5222920664
mixed-antiquity-seq_000000_0-q012-f162,-0.050453737216,0.05962290501,0.51670111026
mixed-antiquity-seq_000000_0-q012-f168,-0.056724375028000006,0.066734481386,0.50883332712
mixed-antiquity-seq_000000_0-q012-f174,-0.057824446700000004,0.07133476554599999,0.5044171394
mixed-antiquity-seq_000000_0-q012-f180,-0.06648555494,0.06780154654000001,0.49937596005999996
mixed-antiquity-seq_000000_0-q012-f186,-0.07660875664000001,0.0694935318,0.5078366858000001
mixed-antiquity-seq_000000_0-q013-f000,-0.09790139500799999,-0.13855739886,0.38799625703999996
mixed-antiquity-seq_000000_0-q013-f006,-0.0597786636,-0.11679363345999999,0.41406134184
mixed-antiquity-seq_000000_0-q013-f012,-0.030221645676,-0.08000843598,0.44665165947999996
mixed-antiquity-seq_000000_0-q013-f018,-0.0043722892939999985,-0.030587316046000002,0.46300667094
mixed-antiquity-seq_000000_0-q013-f024,-0.010233358108000001,0.013309857978,0.48266688550000003
mixed-antiquity-seq_000000_0-q013-f030,-0.00046135329000000037,0.037653445586,0.47113872304
mixed-antiquity-seq_000000_0-q013-f036,0.0111127086612,0.05125365049,0.48293460072000005
mixed-antiquity-seq_000000_0-q013-f042,0.020115202922,0.048872580768,0.47864279556
mixed-antiquity-seq_000000_0-q013-f048,0.027824915846,0.04933662354,0.4831773103
mixed-antiquity-seq_000000_0-q013-f054,0.03388772768,0.043668787285999995,0.48256269092000004
mixed-antiquity-seq_000000_0-q013-f060,0.034132570646,0.050281677079999997,0.48099209074000004
mixed-antiquity-seq_000000_0-q013-f066,0.026601163452,0.053300015028,0.47649315729999997
mixed-antiquity-seq_000000_0-q013-f072,0.030174563651999997,0.054576773672,0.47595909640000006
mixed-antiquity-seq_000000_0-q013-f078,0.0136273701468,0.064362819392,0.47043785148
mixed-antiquity-seq_000000_0-q013-f084,0.0073791582732,0.06700534411,0.46653110848
mixed-antiquity-seq_000000_0-q013-f090,-0.003929545120000001,0.057275746116000004,0.459780239
mixed-antiquity-seq_000000_0-q013-f096,-0.0038957365020000005,0.058955710519999996,0.455432208
mixed-antiquity-seq_000000_0-q013-f102,-0.001504603582,0.060390387312,0.45697786279999997
mixed-antiquity-seq_000000_0-q013-f108,-0.010988223556000001,0.0645458485,0.4626011528
mixed-antiquity-seq_000000_0-q013-f114,-0.024031022199999995,0.07065160834,0.46725297716
mixed-antiquity-seq_000000_0-q013-f120,-0.03420882994,0.06604616222,0.48560233592
mixed-antiquity-seq_000000_0-q013-f126,-0.043654085384,0.057399134406,0.49581462556
mixed-antiquity-seq_000000_0-q013-f132,-0.03392187096,0.051170769539999994,0.50590519014
mixed-antiquity-seq_000000_0-q013-f138,-0.04666351732,0.054491513199999994,0.51351557746
mixed-antiquity-seq_000000_0-q013-f144,-0.047496744823999994,0.056661005096,0.519701979
mixed-antiquity-seq_000000_0-q013-f150,-0.049661700834,0.05903031336,0.5197033399400001
mixed-antiquity-seq_000000_0-q013-f156,-0.050064960052,0.06090526483,0.52389054292
mixed-antiquity-seq_000000_0-q013-f162,-0.05030263957,0.056053547806,0.5183314086
mixed-antiquity-seq_000000_0-q013-f168,-0.0565145268,0.06280713682,0.5101319874
mixed-antiquity-seq_000000_0-q013-f174,-0.05786145834999999,0.0676680435,0.5055078053400001
mixed-antiquity-seq_000000_0-q013-f180,-0.06673260871,0.064329379824,0.5005371548
mixed-antiquity-seq_000000_0-q013-f186,-0.07676861436,0.06564528244,0.5092811415999999
mixed-antiquity-seq_000000_0-q014-f000,0.10340113016,-0.08727263844000001,0.24556522424
mixed-antiquity-seq_000000_0-q014-f006,0.083149815008,-0.08227737098000001,0.27758945966
mixed-antiquity-seq_000000_0-q014-f012,0.068372829128,-0.061283285416000005,0.31411120045999996
mixed-antiquity-seq_000000_0-q014-f018,0.04748367822,-0.017111490964,0.35114524832
mixed-antiquity-seq_000000_0-q014-f024,0.022603540432,0.035084322832,0.37687214952
mixed-antiquity-seq_000000_0-q014-f030,-0.0046781672046,0.048690829572,0.38177347652000004
mixed-antiquity-seq_000000_0-q014-f036,-0.020771172936,0.062960566644,0.39280794968000005
mixed-antiquity-seq_000000_0-q014-f042,-0.028769945776000002,0.07730893532,0.39364267731999997
mixed-antiquity-seq_000000_0-q014-f048,-0.033224218422,0.08069865488000001,0.39282340239999997
mixed-antiquity-seq_000000_0-q014-f054,-0.038079645612,0.07679505662,0.39281690136
mixed-antiquity-seq_000000_0-q014-f060,-0.035486255624,0.07934117190000001,0.39296934876
mixed-antiquity-seq_000000_0-q014-f066,-0.030629717916000002,0.08204066028,0.38853391572
mixed-antiquity-seq_000000_0-q014-f072,-0.030377467028000003,0.08037564987,0.3877028898
mixed-antiquity-seq_000000_0-q014-f078,-0.03717644892,0.08174041552,0.38935547414
mixed-antiquity-seq_000000_0-q014-f084,-0.039698865026,0.0790370298,0.38733928008
mixed-antiquity-seq_000000_0-q014-f090,-0.033715149794000004,0.0775830403,0.38188945906
mixed-antiquity-seq_000000_0-q014-f096,-0.03492164015,0.07544453014000001,0.38286892254
mixed-antiquity-seq_000000_0-q014-f102,-0.036958769710000006,0.07613247298,0.38208610716
mixed-antiquity-seq_000000_0-q014-f108,-0.045956669228,0.070774899226,0.3898655784000001
mixed-antiquity-seq_000000_0-q014-f114,-0.050699404708,0.0691273443,0.39117073469999997
mixed-antiquity-seq_000000_0-q014-f120,-0.05619726548000001,0.06911220358000002,0.39725104832
mixed-antiquity-seq_000000_0-q014-f126,-0.07157593692,0.05903004027,0.4063461978
mixed-antiquity-seq_000000_0-q014-f132,-0.06862499354,0.059181990916,0.41020417714
mixed-antiquity-seq_000000_0-q014-f138,-0.07396658582,0.050197036460000004,0.40993302166
mixed-antiquity-seq_000000_0-q014-f144,-0.07395236304000001,0.049734724795999996,0.4150390284
mixed-antiquity-seq_000000_0-q014-f150,-0.07494300253000001,0.04834758964,0.41943680584
mixed-antiquity-seq_000000_0-q014-f156,-0.07454854998,0.047200780456,0.42241029624000004
mixed-antiquity-seq_000000_0-q014-f162,-0.07503909582,0.052853097993999995,0.42883423626
mixed-antiquity-seq_000000_0-q014-f168,-0.0742513428,0.069176379336,0.43604870260000006
mixed-antiquity-seq_000000_0-q014-f174,-0.07837086374999999,0.06644973012800001,0.43585439107999996
mixed-antiquity-seq_000000_0-q014-f180,-0.07934203235000001,0.061999711320000005,0.43517471654
mixed-antiquity-seq_000000_0-q014-f186,-0.08234380187,0.065875395176,0.44072594119999997
mixed-antiquity-seq_000000_0-q015-f000,-0.11796315974,-0.13673408082000002,0.3919082755
mixed-antiquity-seq_000000_0-q015-f006,-0.07998742584,-0.11653872534,0.41824046972000006
mixed-antiquity-seq_000000_0-q015-f012,-0.049155481994,-0.07649250368,0.45051663066000003
mixed-antiquity-seq_000000_0-q015-f018,-0.018136878820000004,-0.03119862172,0.46640344552
mixed-antiquity-seq_000000_0-q015-f024,-0.014370114474,0.013003226434,0.48847647874
mixed-antiquity-seq_000000_0-q015-f030,-0.004032517594000002,0.034230750738000006,0.47772881472
mixed-antiquity-seq_000000_0-q015-f036,0.0103933901824,0.047732254152000005,0.49017950328
mixed-antiquity-seq_000000_0-q015-f042,0.02115909747,0.040740249852000004,0.48634037368
mixed-antiquity-seq_000000_0-q015-f048,0.029746844522000004,0.037878946738,0.48940644262
mixed-antiquity-seq_000000_0-q015-f054,0.036903233263999996,0.03226366144,0.48838546668000005
mixed-antiquity-seq_000000_0-q015-f060,0.035817615623999995,0.03998193715,0.4873411519
mixed-antiquity-seq_000000_0-q015-f066,0.028252924191999998,0.044292145696,0.48269720604
mixed-antiquity-seq_000000_0-q015-f072,0.030402903164000003,0.0446716513,0.4821384122
mixed-antiquity-seq_000000_0-q015-f078,0.013545277169999998,0.051845757985999996,0.47690058526000007
mixed-antiquity-seq_000000_0-q015-f084,0.004764486025,0.055916386433999994,0.47240902580000005
mixed-antiquity-seq_000000_0-q015-f090,-0.005049101474000001,0.049135631299999996,0.4671127098
mixed-antiquity-seq_000000_0-q015-f096,-0.006825086248000001,0.048416059453999995,0.46227627466
mixed-antiquity-seq_000000_0-q015-f102,-0.004798401783999999,0.05060657128,0.46253125275999996
mixed-antiquity-seq_000000_0-q015-f108,-0.014571514708,0.056915600239999996,0.46997267486
mixed-antiquity-seq_000000_0-q015-f114,-0.027990883605999998,0.063819955824,0.47456167568
mixed-antiquity-seq_000000_0-q015-f120,-0.038224799845999996,0.060635892360000006,0.49241115809999997
mixed-antiquity-seq_000000_0-q015-f126,-0.046984597446000004,0.05332072399999999,0.5008057214
mixed-antiquity-seq_000000_0-q015-f132,-0.036467679010000004,0.043941597513999994,0.508304332
mixed-antiquity-seq_000000_0-q015-f138,-0.049894315308,0.048235148965999994,0.51827197748
mixed-antiquity-seq_000000_0-q015-f144,-0.050657800360000005,0.05018011786,0.5228989862
mixed-antiquity-seq_000000_0-q015-f150,-0.052553752266,0.05114544725,0.5227306724
mixed-antiquity-seq_000000_0-q015-f156,-0.053327108235999995,0.05304272840799999,0.5259109022
mixed-antiquity-seq_000000_0-q015-f162,-0.052251019600000004,0.048786362248,0.5198449924
mixed-antiquity-seq_000000_0-q015-f168,-0.056235633154,0.054428533968,0.51286714246
mixed-antiquity-seq_000000_0-q015-f174,-0.059774959419999996,0.059627450812,0.5078427166
mixed-antiquity-seq_000000_0-q015-f180,-0.068172944308,0.05643820839,0.50419959374
mixed-antiquity-seq_000000_0-q015-f186,-0.07618735316,0.056772397509999996,0.5117677778
mixed-antiquity-seq_000000_0-q016-f000,0.07243808662,-0.089575666252,0.26333121726000003
mixed-antiquity-seq_000000_0-q016-f006,0.055867282671999995,-0.08644722426000001,0.29077460013999995
mixed-antiquity-seq_000000_0-q016-f012,0.04681232052,-0.06506940426,0.32662751560000003
mixed-antiquity-seq_000000_0-q016-f018,0.034135360748,-0.015664439276,0.36072320380000006
mixed-antiquity-seq_000000_0-q016-f024,0.014195639632,0.032536835444000003,0.38022685994000005
mixed-antiquity-seq_000000_0-q016-f030,-0.0071540928270000005,0.047181001368,0.38493662172
mixed-antiquity-seq_000000_0-q016-f036,-0.019683301268,0.061677564996,0.3948360248
mixed-antiquity-seq_000000_0-q016-f042,-0.027802497271999998,0.07667405431,0.39262761828
mixed-antiquity-seq_000000_0-q016-f048,-0.032182525576,0.080684136492,0.3909723085
mixed-antiquity-seq_000000_0-q016-f054,-0.035897450090000005,0.0775092662,0.3910648276
mixed-antiquity-seq_000000_0-q016-f060,-0.034043519300000005,0.07894021166,0.39243373313999996
mixed-antiquity-seq_000000_0-q016-f066,-0.031291815310000005,0.07942379869999999,0.38833744388
mixed-antiquity-seq_000000_0-q016-f072,-0.02976581924,0.07818505562,0.38445642572
mixed-antiquity-seq_000000_0-q016-f078,-0.037137301212,0.07931487255,0.38701152214
mixed-antiquity-seq_000000_0-q016-f084,-0.03656894677,0.07667991883999999,0.38235531660000005
mixed-antiquity-seq_000000_0-q016-f090,-0.031820488566,0.073646034276,0.3768733318
mixed-antiquity-seq_000000_0-q016-f096,-0.033554809754,0.072626034888,0.37851109804
mixed-antiquity-seq_000000_0-q016-f102,-0.034968438508,0.07359214956799999,0.37752836312
mixed-antiquity-seq_000000_0-q016-f108,-0.040823079436,0.06887582218,0.3821292089
mixed-antiquity-seq_000000_0-q016-f114,-0.046021230934000006,0.06707841656,0.38413504579999996
mixed-antiquity-seq_000000_0-q016-f120,-0.049696245390000005,0.06899242069999999,0.38919817760000003
mixed-antiquity-seq_000000_0-q016-f126,-0.06162123806,0.05977245132,0.39790115926
mixed-antiquity-seq_000000_0-q016-f132,-0.06009274152,0.06277430718,0.40032557452
mixed-antiquity-seq_000000_0-q016-f138,-0.065576078506,0.053146817912,0.40180056188
mixed-antiquity-seq_000000_0-q016-f144,-0.064337703954,0.053637834870000005,0.40388777552000005
mixed-antiquity-seq_000000_0-q016-f150,-0.06604281454000001,0.052088958714,0.4078238422
mixed-antiquity-seq_000000_0-q016-f156,-0.06721195717999999,0.052441388568,0.4099974786
mixed-antiquity-seq_000000_0-q016-f162,-0.06446766198000001,0.057417692224000005,0.41197539644000003
mixed-antiquity-seq_000000_0-q016-f168,-0.05093584124,0.06616441706000001,0.40094440424
mixed-antiquity-seq_000000_0-q016-f174,-0.054774329033999994,0.063280252574,0.4001111564
mixed-antiquity-seq_000000_0-q016-f180,-0.057818742480000004,0.05659516766,0.4007703416
mixed-antiquity-seq_000000_0-q016-f186,-0.058048933928,0.059326378726,0.4048196409
mixed-antiquity-seq_000000_0-q017-f000,0.08648284971999999,-0.08405926707200001,0.24320585792000002
mixed-antiquity-seq_000000_0-q017-f006,0.068728193708,-0.07868667008,0.2735925728
mixed-antiquity-seq_000000_0-q017-f012,0.05527059561,-0.059011064606,0.30883946508
mixed-antiquity-seq_000000_0-q017-f018,0.037915781266,-0.015053570826,0.34673469752
mixed-antiquity-seq_000000_0-q017-f024,0.016702324881,0.035302718266,0.3702067584
mixed-antiquity-seq_000000_0-q017-f030,-0.009778579672,0.049082793847999996,0.37474506750000003
mixed-antiquity-seq_000000_0-q017-f036,-0.025193032524,0.06406860725,0.38598759616
mixed-antiquity-seq_000000_0-q017-f042,-0.033552818758,0.08000495801999999,0.38752068714
mixed-antiquity-seq_000000_0-q017-f048,-0.038481155964,0.0832756275,0.38553349
mixed-antiquity-seq_000000_0-q017-f054,-0.042789820686,0.07942023462,0.38582636466
mixed-antiquity-seq_000000_0-q017-f060,-0.0408389421,0.08054988136800001,0.38655995104
mixed-antiquity-seq_000000_0-q017-f066,-0.036907680136,0.08370678314,0.38294854846000004
mixed-antiquity-seq_000000_0-q017-f072,-0.0359606764,0.0818965715,0.38110085139999994
mixed-antiquity-seq_000000_0-q017-f078,-0.04293067142,0.083952583952,0.38292347184
mixed-antiquity-seq_000000_0-q017-f084,-0.044065054016,0.080196308948,0.38069509716000005
mixed-antiquity-seq_000000_0-q017-f090,-0.037726366014,0.07827343066,0.37570146035999996
mixed-antiquity-seq_000000_0-q017-f096,-0.03916644312,0.0766524328,0.3769434621200001
mixed-antiquity-seq_000000_0-q017-f102,-0.04114344972000001,0.07700758036000001,0.37643257214
mixed-antiquity-seq_000000_0-q017-f108,-0.047902480986,0.07126503906,0.3823612402
mixed-antiquity-seq_000000_0-q017-f114,-0.052685157270000005,0.069874099574,0.38433972036
mixed-antiquity-seq_000000_0-q017-f120,-0.05736538292400001,0.07025186511199999,0.3903677432
mixed-antiquity-seq_000000_0-q017-f126,-0.07168550966000001,0.06058809621,0.3994897212
mixed-antiquity-seq_000000_0-q017-f132,-0.06852905878,0.06037288418,0.40259713746000003
mixed-antiquity-seq_000000_0-q017-f138,-0.07382534838,0.05174621495,0.4031088366
mixed-antiquity-seq_000000_0-q017-f144,-0.07283717895000001,0.050971579492,0.40764103552
mixed-antiquity-seq_000000_0-q017-f150,-0.07385360106,0.05008541708,0.4119039864
mixed-antiquity-seq_000000_0-q017-f156,-0.07326269668,0.048414905312,0.41492745583999996
mixed-antiquity-seq_000000_0-q017-f162,-0.07303523743,0.051845733867999996,0.41965119036000004
mixed-antiquity-seq_000000_0-q017-f168,-0.06531421262,0.062253564568,0.4206075040000001
mixed-antiquity-seq_000000_0-q017-f174,-0.06807725474,0.060196383230000004,0.4208555445
mixed-antiquity-seq_000000_0-q017-f180,-0.07060159406,0.055735229274,0.420423647
mixed-antiquity-seq_000000_0-q017-f186,-0.07394350084000001,0.05924741036,0.42651069646
mixed-antiquity-seq_000000_0-q018-f000,-0.5040602318599999,-0.46775638070000003,1.3618460108000001
mixed-antiquity-seq_000000_0-q018-f006,-0.49096252388,-0.4533741368,1.37312563
mixed-antiquity-seq_000000_0-q018-f012,-0.47311975660000005,-0.41980675806000006,1.3865167451999998
mixed-antiquity-seq_000000_0-q018-f018,-0.47413068296,-0.39112034009999996,1.3937568342000002
mixed-antiquity-seq_000000_0-q018-f024,-0.4898753488,-0.36943471308000003,1.3901386996
mixed-antiquity-seq_000000_0-q018-f030,-0.5113236212,-0.33339200830000004,1.3800858660000002
mixed-antiquity-seq_000000_0-q018-f036,-0.5324729772000001,-0.30988951264,1.3775544022
mixed-antiquity-seq_000000_0-q018-f042,-0.5506122395199999,-0.30351043128000005,1.3735658004
mixed-antiquity-seq_000000_0-q018-f048,-0.5652492494,-0.2985920783,1.3712931276
mixed-antiquity-seq_000000_0-q018-f054,-0.57580124788,-0.29505611708,1.3703219813999998
mixed-antiquity-seq_000000_0-q018-f060,-0.57549594608,-0.2969409468,1.3694423975999999
mixed-antiquity-seq_000000_0-q018-f066,-0.5720279478,-0.29979416606000003,1.3717184498
mixed-antiquity-seq_000000_0-q018-f072,-0.5630171773199999,-0.30934207948000003,1.3767108328000002
mixed-antiquity-seq_000000_0-q018-f078,-0.5566632856,-0.30885878294,1.3749225818
mixed-antiquity-seq_000000_0-q018-f084,-0.55475524968,-0.30644749624,1.3744616442
mixed-antiquity-seq_000000_0-q018-f090,-0.5610316094,-0.31185566336000003,1.3734802860000002
mixed-antiquity-seq_000000_0-q018-f096,-0.5599237704,-0.3146198668,1.3735297274
mixed-antiquity-seq_000000_0-q018-f102,-0.556827322,-0.31006786754,1.3707988227999999
mixed-antiquity-seq_000000_0-q018-f108,-0.5615343184000001,-0.3141250567,1.3702947419999998
mixed-antiquity-seq_000000_0-q018-f114,-0.567531518,-0.310982827,1.3695173613999998
mixed-antiquity-seq_000000_0-q018-f120,-0.5699302118,-0.30758133188000003,1.3672050274
mixed-antiquity-seq_000000_0-q018-f126,-0.5687609324,-0.31048036100000004,1.3657997668000001
mixed-antiquity-seq_000000_0-q018-f132,-0.5686668396999999,-0.31053068063999995,1.365724821
mixed-antiquity-seq_000000_0-q018-f138,-0.571912407,-0.3092442626,1.3643743144
mixed-antiquity-seq_000000_0-q018-f144,-0.5705902818,-0.3127853109,1.3648032428
mixed-antiquity-seq_000000_0-q018-f150,-0.5663227004,-0.31210945306,1.3631128786
mixed-antiquity-seq_000000_0-q018-f156,-0.5602967576000001,-0.3142083328,1.3608513838000003
mixed-antiquity-seq_000000_0-q018-f162,-0.55945963946,-0.31342259993999994,1.3590033216
mixed-antiquity-seq_000000_0-q018-f168,-0.552179094,-0.3140951436,1.3548594292
mixed-antiquity-seq_000000_0-q018-f174,-0.5595208985,-0.3185303814,1.3546542366
mixed-antiquity-seq_000000_0-q018-f180,-0.5587431664,-0.32508083572,1.3518411266
mixed-antiquity-seq_000000_0-q018-f186,-0.56041208508,-0.32527159040000003,1.3510406832
mixed-antiquity-seq_000000_0-q019-f000,0.020431990042,-0.1351341362,0.40372928420000004
mixed-antiquity-seq_000000_0-q019-f006,0.022408577432,-0.11993469634,0.42845953632000006
mixed-antiquity-seq_000000_0-q019-f012,0.028213257656000003,-0.08681679004,0.45552361973999994
mixed-antiquity-seq_000000_0-q019-f018,0.053240069886,-0.024154530038,0.48628356584
mixed-antiquity-seq_000000_0-q019-f024,0.041590012888,0.021123135730000003,0.50206763064
mixed-antiquity-seq_000000_0-q019-f030,0.06105811654,0.043848338,0.5036911552
mixed-antiquity-seq_000000_0-q019-f036,0.0629661282,0.05691202738,0.50592487866
mixed-antiquity-seq_000000_0-q019-f042,0.06576020015400001,0.058349213659999996,0.4980284067
mixed-antiquity-seq_000000_0-q019-f048,0.06493591060000001,0.057168396126000005,0.49832986586
mixed-antiquity-seq_000000_0-q019-f054,0.06360059588,0.057127789,0.49378643254000004
mixed-antiquity-seq_000000_0-q019-f060,0.06676776738000001,0.067449516032,0.49268767916
mixed-antiquity-seq_000000_0-q019-f066,0.0656510196,0.074154784832,0.4892154002
mixed-antiquity-seq_000000_0-q019-f072,0.07111563772,0.07356101303,0.48776915860000003
mixed-antiquity-seq_000000_0-q019-f078,0.07091406023,0.07740773195,0.48879741328
mixed-antiquity-seq_000000_0-q019-f084,0.06955452213999999,0.08265086118,0.48121904074
mixed-antiquity-seq_000000_0-q019-f090,0.06767004718,0.07648464338000001,0.48098246899999997
mixed-antiquity-seq_000000_0-q019-f096,0.06876147038000001,0.08035238891200001,0.48197990196
mixed-antiquity-seq_000000_0-q019-f102,0.07053317640000001,0.08292030452,0.4773998956800001
mixed-antiquity-seq_000000_0-q019-f108,0.06743182614,0.08557169402,0.4810719191
mixed-antiquity-seq_000000_0-q019-f114,0.060926687740000006,0.08118443656,0.47895883092
mixed-antiquity-seq_000000_0-q019-f120,0.057999764006,0.08252719582,0.48292694644
mixed-antiquity-seq_000000_0-q019-f126,0.055670062560000004,0.08544152312,0.4785544652
mixed-antiquity-seq_000000_0-q019-f132,0.05954000482,0.08518369482,0.48390773972
mixed-antiquity-seq_000000_0-q019-f138,0.056293519410000006,0.08612474804,0.4851513416
mixed-antiquity-seq_000000_0-q019-f144,0.054815338586,0.08484963484000001,0.48548608532
mixed-antiquity-seq_000000_0-q019-f150,0.0598188662,0.08646912971,0.48266900934
mixed-antiquity-seq_000000_0-q019-f156,0.055748117756,0.08486953712,0.48346883094000004
mixed-antiquity-seq_000000_0-q019-f162,0.052824738206,0.08475703264000001,0.48117293246000004
mixed-antiquity-seq_000000_0-q019-f168,0.048943092779999996,0.08582738096,0.48118996459999996
mixed-antiquity-seq_000000_0-q019-f174,0.046444305406,0.085608467188,0.47565754720000003
mixed-antiquity-seq_000000_0-q019-f180,0.040711387416,0.081921099208,0.47628024586000006
mixed-antiquity-seq_000000_0-q019-f186,0.041696444199999995,0.08385575432,0.48030625404000005
mixed-antiquity-seq_000000_0-q020-f000,-0.198266752,-0.14183254862,0.42503263539999997
mixed-antiquity-seq_000000_0-q020-f006,-0.1736653006,-0.12564272995,0.43397125954
mixed-antiquity-seq_000000_0-q020-f012,-0.14190627116,-0.07854494122,0.4554323542
mixed-antiquity-seq_000000_0-q020-f018,-0.13948694016,-0.032179381588,0.45890687086000004
mixed-antiquity-seq_000000_0-q020-f024,-0.15408065829999998,0.0012483743299999996,0.45850565276
mixed-antiquity-seq_000000_0-q020-f030,-0.18698951251999998,0.03634848601,0.4505430038
mixed-antiquity-seq_000000_0-q020-f036,-0.2187794652,0.08034816954,0.45118493372
mixed-antiquity-seq_000000_0-q020-f042,-0.23002672596000004,0.09214113346000001,0.44697040508
mixed-antiquity-seq_000000_0-q020-f048,-0.23923887342,0.10068497464000001,0.44340914540000004
mixed-antiquity-seq_000000_0-q020-f054,-0.25438245190000003,0.10775337605,0.44278970184
mixed-antiquity-seq_000000_0-q020-f060,-0.25746270779999997,0.10869128890000002,0.44063802780000005
mixed-antiquity-seq_000000_0-q020-f066,-0.2528319389,0.10528666538,0.44223293405999997
mixed-antiquity-seq_000000_0-q020-f072,-0.24135209080000003,0.08520247706,0.44955899814
mixed-antiquity-seq_000000_0-q020-f078,-0.23706544063999999,0.08754638632,0.45049037912
mixed-antiquity-seq_000000_0-q020-f084,-0.23432173637999998,0.08620256318,0.44795788136000003
mixed-antiquity-seq_000000_0-q020-f090,-0.24132818534,0.08125265781999999,0.44616595800000003
mixed-antiquity-seq_000000_0-q020-f096,-0.24246034476,0.078441816754,0.44617103952000003
mixed-antiquity-seq_000000_0-q020-f102,-0.23744565236,0.08353478973999999,0.44288716228
mixed-antiquity-seq_000000_0-q020-f108,-0.24458441026000002,0.07898285004000001,0.4418536763
mixed-antiquity-seq_000000_0-q020-f114,-0.25169951368,0.084202300508,0.44087980720000003
mixed-antiquity-seq_000000_0-q020-f120,-0.2557838984,0.0860910296,0.44059380754
mixed-antiquity-seq_000000_0-q020-f126,-0.2567319634,0.07949994590000001,0.43945341920000003
mixed-antiquity-seq_000000_0-q020-f132,-0.25561402304,0.07432774902599999,0.43734654776
mixed-antiquity-seq_000000_0-q020-f138,-0.25937765472,0.07601394778000001,0.43743594523999996
mixed-antiquity-seq_000000_0-q020-f144,-0.25979365166,0.06991667822,0.43566671948
mixed-antiquity-seq_000000_0-q020-f150,-0.25512969156,0.07162278596,0.43559444588
mixed-antiquity-seq_000000_0-q020-f156,-0.25051627113999997,0.07090429981,0.43272167728
mixed-antiquity-seq_000000_0-q020-f162,-0.24853808914,0.070095217568,0.42908920014
mixed-antiquity-seq_000000_0-q020-f168,-0.24126822018,0.073007210574,0.42339533934
mixed-antiquity-seq_000000_0-q020-f174,-0.2525656061,0.06427993327999999,0.41859695712
mixed-antiquity-seq_000000_0-q020-f180,-0.2588688695,0.04977276212,0.41078782314
mixed-antiquity-seq_000000_0-q020-f186,-0.2627319196,0.051413141464,0.41182513256000003
mixed-antiquity-seq_000000_0-q021-f000,-0.13824406167999997,-0.13443612384,0.40524458372000005
mixed-antiquity-seq_000000_0-q021-f006,-0.10207064778,-0.11593364287999999,0.43036850034000007
mixed-antiquity-seq_000000_0-q021-f012,-0.06921309192,-0.07469312652,0.46017591100000005
mixed-antiquity-seq_000000_0-q021-f018,-0.040038937352,-0.031553828315999996,0.47369100932
mixed-antiquity-seq_000000_0-q021-f024,-0.035146258432,0.011648247418,0.49234753595999997
mixed-antiquity-seq_000000_0-q021-f030,-0.0294454175,0.03708884779,0.48297311324000003
mixed-antiquity-seq_000000_0-q021-f036,-0.017598138410000002,0.056474277124,0.49469325199999997
mixed-antiquity-seq_000000_0-q021-f042,-0.009566218884000001,0.052247691619999995,0.49176256408
mixed-antiquity-seq_000000_0-q021-f048,-0.0035244884120000006,0.051969393112,0.49426267188
mixed-antiquity-seq_000000_0-q021-f054,0.002431831194,0.04976992256,0.49369297966
mixed-antiquity-seq_000000_0-q021-f060,0.001546674477999999,0.05677266682,0.49260937484
mixed-antiquity-seq_000000_0-q021-f066,-0.003992166102,0.058338858632,0.48821068984
mixed-antiquity-seq_000000_0-q021-f072,0.00403490573,0.052591304330000005,0.48927429228
mixed-antiquity-seq_000000_0-q021-f078,-0.010362684456,0.054591499046000004,0.48330414375999997
mixed-antiquity-seq_000000_0-q021-f084,-0.01960211405,0.05923508498,0.478731767
mixed-antiquity-seq_000000_0-q021-f090,-0.02910788412,0.053897345390000004,0.47410242396
mixed-antiquity-seq_000000_0-q021-f096,-0.030742289966,0.050585822919999995,0.468679252
mixed-antiquity-seq_000000_0-q021-f102,-0.028644071040000003,0.0530075524,0.46790483848
mixed-antiquity-seq_000000_0-q021-f108,-0.03872902346,0.059678482648,0.4762327714
mixed-antiquity-seq_000000_0-q021-f114,-0.052077590773999996,0.06703183096,0.47875424994
mixed-antiquity-seq_000000_0-q021-f120,-0.06120301899200001,0.065726600248,0.4936634076
mixed-antiquity-seq_000000_0-q021-f126,-0.06731365415,0.05810876922,0.5005710166
mixed-antiquity-seq_000000_0-q021-f132,-0.057735048712,0.048411509670000005,0.5066850493
mixed-antiquity-seq_000000_0-q021-f138,-0.0716289759,0.052951996724,0.5162520501
mixed-antiquity-seq_000000_0-q021-f144,-0.07174207298,0.05418590674,0.5189626688
mixed-antiquity-seq_000000_0-q021-f150,-0.071933306112,0.054481174513999996,0.5182040108
mixed-antiquity-seq_000000_0-q021-f156,-0.07089868472800001,0.05657345176399999,0.5210172563000001
mixed-antiquity-seq_000000_0-q021-f162,-0.069197937268,0.052425032072,0.5144803071
mixed-antiquity-seq_000000_0-q021-f168,-0.06909851633999999,0.05659279939,0.5069370212
mixed-antiquity-seq_000000_0-q021-f174,-0.07539709443,0.060365612810000004,0.502219811
mixed-antiquity-seq_000000_0-q021-f180,-0.082616501772,0.055579648486000006,0.49871465870000004
mixed-antiquity-seq_000000_0-q021-f186,-0.08954919877999999,0.054785261849999996,0.50451841512
mixed-antiquity-seq_000000_0-q022-f000,-0.10743853772,-0.13137162382,0.39051607996
mixed-antiquity-seq_000000_0-q022-f006,-0.06889047199000001,-0.111028660592,0.41603034416
mixed-antiquity-seq_000000_0-q022-f012,-0.03823603933,-0.07455646335999999,0.44817492634
mixed-antiquity-seq_000000_0-q022-f018,-0.010003451388000002,-0.028407640382,0.46439531412
mixed-antiquity-seq_000000_0-q022-f024,-0.011212570690000001,0.0124003480486,0.48441428116
mixed-antiquity-seq_000000_0-q022-f030,-0.0006976486811999999,0.034974240502,0.4736690816
mixed-antiquity-seq_000000_0-q022-f036,0.0125999663206,0.048387309574000004,0.48572155754
mixed-antiquity-seq_000000_0-q022-f042,0.022325413640000003,0.043821037470000004,0.4820444818
mixed-antiquity-seq_000000_0-q022-f048,0.029923069116,0.04210120352,0.48576177171999996
mixed-antiquity-seq_000000_0-q022-f054,0.036325188977999995,0.036575313972,0.48480559896
mixed-antiquity-seq_000000_0-q022-f060,0.03625870425199999,0.043535051666,0.48344482860000004
mixed-antiquity-seq_000000_0-q022-f066,0.02902366002,0.047696616826,0.47912406411999997
mixed-antiquity-seq_000000_0-q022-f072,0.03168007733,0.047854723099999996,0.47840661714000005
mixed-antiquity-seq_000000_0-q022-f078,0.0150493647,0.0559822701,0.4730515202
mixed-antiquity-seq_000000_0-q022-f084,0.0074759173182000005,0.06002030660799999,0.46953914539999997
mixed-antiquity-seq_000000_0-q022-f090,-0.0022227764840000003,0.05135856752,0.46311853976
mixed-antiquity-seq_000000_0-q022-f096,-0.003437711532000001,0.0516457787,0.45802208033999997
mixed-antiquity-seq_000000_0-q022-f102,-0.0011920868860000012,0.05334431873,0.45862611604
mixed-antiquity-seq_000000_0-q022-f108,-0.011250773252000003,0.05885827811199999,0.46493780572000004
mixed-antiquity-seq_000000_0-q022-f114,-0.024605223898,0.065496812824,0.47049545928
mixed-antiquity-seq_000000_0-q022-f120,-0.034458985360000007,0.06040685124,0.48723550694
mixed-antiquity-seq_000000_0-q022-f126,-0.04335763108,0.05219593033,0.495784116
mixed-antiquity-seq_000000_0-q022-f132,-0.033350647112,0.043111536202,0.5040619155
mixed-antiquity-seq_000000_0-q022-f138,-0.046361984067999996,0.046949700473999996,0.5127238735999999
mixed-antiquity-seq_000000_0-q022-f144,-0.04742834052,0.049234726484000006,0.5181370058
mixed-antiquity-seq_000000_0-q022-f150,-0.049824010935999995,0.050825788236,0.5181525598
mixed-antiquity-seq_000000_0-q022-f156,-0.050540167765999996,0.05239171458,0.52175465372
mixed-antiquity-seq_000000_0-q022-f162,-0.050132772248,0.047700951046,0.5162013893
mixed-antiquity-seq_000000_0-q022-f168,-0.05563968093,0.053359168613999995,0.5080747236
mixed-antiquity-seq_000000_0-q022-f174,-0.0582371241,0.05905485194599999,0.5031707008799999
mixed-antiquity-seq_000000_0-q022-f180,-0.067650784568,0.055999023072,0.4987125924
mixed-antiquity-seq_000000_0-q022-f186,-0.07687417020000001,0.05661861806,0.5072234688
mixed-antiquity-seq_000000_0-q023-f000,-0.17370048756,-0.13753971604,0.4160232182
mixed-antiquity-seq_000000_0-q023-f006,-0.15139496866,-0.12075633388,0.4267147796
mixed-antiquity-seq_000000_0-q023-f012,-0.12558286600000002,-0.07742539398,0.44845130516
mixed-antiquity-seq_000000_0-q023-f018,-0.12665817524,-0.031370566932,0.45590757439999996
mixed-antiquity-seq_000000_0-q023-f024,-0.14530358029999998,0.0018265985256000002,0.45515975503999995
mixed-antiquity-seq_000000_0-q023-f030,-0.17749318806,0.040928988774,0.44592333088
mixed-antiquity-seq_000000_0-q023-f036,-0.20795118180000002,0.08746632084,0.44935979006
mixed-antiquity-seq_000000_0-q023-f042,-0.2205276779,0.09841556981999999,0.44591025984
mixed-antiquity-seq_000000_0-q023-f048,-0.23136727433999998,0.1064207311,0.44249247532
mixed-antiquity-seq_000000_0-q023-f054,-0.24766555804000004,0.11406229809200001,0.44251571704
mixed-antiquity-seq_000000_0-q023-f060,-0.25024507865999995,0.11355042826,0.44097671626000007
mixed-antiquity-seq_000000_0-q023-f066,-0.247552182,0.11090617340999999,0.44205244996000004
mixed-antiquity-seq_000000_0-q023-f072,-0.23954388842,0.0959722997,0.44535792830000004
mixed-antiquity-seq_000000_0-q023-f078,-0.23482499854000002,0.09858516636,0.44627571932000004
mixed-antiquity-seq_000000_0-q023-f084,-0.2322864876,0.098142695488,0.44489253366000003
mixed-antiquity-seq_000000_0-q023-f090,-0.23834133092,0.0923923722,0.44306719406000006
mixed-antiquity-seq_000000_0-q023-f096,-0.23842016884,0.090549727068,0.44315402954
mixed-antiquity-seq_000000_0-q023-f102,-0.23446054700000002,0.09481681181999999,0.43948214599999996
mixed-antiquity-seq_000000_0-q023-f108,-0.2411512985,0.090921592268,0.43774359800000007
mixed-antiquity-seq_000000_0-q023-f114,-0.24698129032000002,0.09631498018,0.43688856092
mixed-antiquity-seq_000000_0-q023-f120,-0.24990757838,0.09785661857999998,0.4360139316
mixed-antiquity-seq_000000_0-q023-f126,-0.25028117990000004,0.09204332202,0.43510557763999996
mixed-antiquity-seq_000000_0-q023-f132,-0.24946583888,0.08842599501199999,0.43451887289999996
mixed-antiquity-seq_000000_0-q023-f138,-0.25197087796,0.08939167814,0.43270379152
mixed-antiquity-seq_000000_0-q023-f144,-0.252166587,0.08483686722,0.4320315317
mixed-antiquity-seq_000000_0-q023-f150,-0.24842608866000002,0.08597151859999999,0.43049835128
mixed-antiquity-seq_000000_0-q023-f156,-0.24472003644,0.08524576851,0.4284353718000001
mixed-antiquity-seq_000000_0-q023-f162,-0.24226864808,0.08540238670799999,0.42469793948
mixed-antiquity-seq_000000_0-q023-f168,-0.23696155489999998,0.09127326061999999,0.41682243335999997
mixed-antiquity-seq_000000_0-q023-f174,-0.24613760876000002,0.084604704512,0.41230031770000003
mixed-antiquity-seq_000000_0-q023-f180,-0.24976998832,0.072767216828,0.4079538016
mixed-antiquity-seq_000000_0-q023-f186,-0.2539063258,0.075309360534,0.4078254192
mixed-antiquity-seq_000000_0-q024-f000,-0.16002677234,-0.13571389696,0.41928019120000004
mixed-antiquity-seq_000000_0-q024-f006,-0.14006792508,-0.11985725128,0.4299308600399999
mixed-antiquity-seq_000000_0-q024-f012,-0.11789704266000002,-0.08226104254000001,0.44984592735999995
mixed-antiquity-seq_000000_0-q024-f018,-0.11943467852,-0.045011973846,0.45641942480000003
mixed-antiquity-seq_000000_0-q024-f024,-0.1410426236,-0.015635989504,0.45291599213999995
mixed-antiquity-seq_000000_0-q024-f030,-0.17298002140000002,0.025876377592,0.44291018112
mixed-antiquity-seq_000000_0-q024-f036,-0.2018107797,0.06593013394000001,0.44239003584000003
mixed-antiquity-seq_000000_0-q024-f042,-0.22038127174000002,0.07464646464,0.4377914008
mixed-antiquity-seq_000000_0-q024-f048,-0.23621535258,0.08293108797000001,0.43462795812
mixed-antiquity-seq_000000_0-q024-f054,-0.25249741443999996,0.09098446914,0.434113499
mixed-antiquity-seq_000000_0-q024-f060,-0.2543962476,0.090269759608,0.4323327394
mixed-antiquity-seq_000000_0-q024-f066,-0.25172028226000004,0.08603088868,0.43383455592000003
mixed-antiquity-seq_000000_0-q024-f072,-0.24356550180000003,0.07098660708000001,0.43955595854000007
mixed-antiquity-seq_000000_0-q024-f078,-0.23738696807999998,0.074143600654,0.44010149266
mixed-antiquity-seq_000000_0-q024-f084,-0.23491153528,0.07473308009400001,0.43848906734000004
mixed-antiquity-seq_000000_0-q024-f090,-0.24061008566,0.0710504056,0.43812755839999995
mixed-antiquity-seq_000000_0-q024-f096,-0.24022880814000003,0.069618503228,0.43813896220000004
mixed-antiquity-seq_000000_0-q024-f102,-0.23698048649999998,0.07356944328,0.43464083574
mixed-antiquity-seq_000000_0-q024-f108,-0.24307278552,0.07074165274000001,0.4338063824
mixed-antiquity-seq_000000_0-q024-f114,-0.24793004228,0.07506493985000001,0.43357479912
mixed-antiquity-seq_000000_0-q024-f120,-0.24994935116,0.076416911334,0.43171507372
mixed-antiquity-seq_000000_0-q024-f126,-0.24966702251999998,0.07221527164,0.43052442040000005
mixed-antiquity-seq_000000_0-q024-f132,-0.24913935054,0.069887036832,0.4307079324
mixed-antiquity-seq_000000_0-q024-f138,-0.2517369846,0.071184141636,0.42925688860000005
mixed-antiquity-seq_000000_0-q024-f144,-0.25160613696,0.06777119133199999,0.42915793368
mixed-antiquity-seq_000000_0-q024-f150,-0.2477581654,0.068946880088,0.4273617705
mixed-antiquity-seq_000000_0-q024-f156,-0.24192708886,0.0696655566,0.4250222964
mixed-antiquity-seq_000000_0-q024-f162,-0.24025475438000002,0.069382355826,0.42251521634
mixed-antiquity-seq_000000_0-q024-f168,-0.23676487418000003,0.07683241498599999,0.4186033867
mixed-antiquity-seq_000000_0-q024-f174,-0.24607092140000003,0.07053505346000001,0.41622525192
mixed-antiquity-seq_000000_0-q024-f180,-0.24654149068,0.06200242326199999,0.41222264924
mixed-antiquity-seq_000000_0-q024-f186,-0.25078304866,0.06398123346,0.4113641615
mixed-antiquity-seq_000000_0-q025-f000,-0.1266527767,-0.13036297219999998,0.40269987739999996
mixed-antiquity-seq_000000_0-q025-f006,-0.08928430291,-0.11284866822800001,0.42789160666
mixed-antiquity-seq_000000_0-q025-f012,-0.05773938031,-0.07321234486,0.4570546763
mixed-antiquity-seq_000000_0-q025-f018,-0.026866521799999998,-0.029807277434000003,0.47049871764
mixed-antiquity-seq_000000_0-q025-f024,-0.020844295186000002,0.0105940094612,0.49172342612000003
mixed-antiquity-seq_000000_0-q025-f030,-0.008802921679999999,0.030584365269999997,0.48206479139999997
mixed-antiquity-seq_000000_0-q025-f036,0.0072868560896,0.045192704220000005,0.4939659379
mixed-antiquity-seq_000000_0-q025-f042,0.018784774108,0.03694586406,0.4904488866
mixed-antiquity-seq_000000_0-q025-f048,0.027168839369999996,0.033243784002,0.49255759056000004
mixed-antiquity-seq_000000_0-q025-f054,0.034294540734000005,0.027870906005999996,0.49086272935999997
mixed-antiquity-seq_000000_0-q025-f060,0.033632527245999994,0.03529001216,0.49036384456000004
mixed-antiquity-seq_000000_0-q025-f066,0.026244183169999998,0.039908085626000005,0.4861838592
mixed-antiquity-seq_000000_0-q025-f072,0.028532271798,0.038583978104,0.48552136384000005
mixed-antiquity-seq_000000_0-q025-f078,0.011316145092799998,0.042978641954,0.48051103706
mixed-antiquity-seq_000000_0-q025-f084,0.001652811273999999,0.04831031136,0.4765358341
mixed-antiquity-seq_000000_0-q025-f090,-0.007127457010000001,0.04161467444,0.4708842639
mixed-antiquity-seq_000000_0-q025-f096,-0.009274707614000004,0.039395934804000006,0.46559050874
mixed-antiquity-seq_000000_0-q025-f102,-0.007193359140000001,0.041836142724000006,0.46533206934
mixed-antiquity-seq_000000_0-q025-f108,-0.017572704204000002,0.048921031213999995,0.47333817252
mixed-antiquity-seq_000000_0-q025-f114,-0.030503164436,0.05596397622,0.47796681947999997
mixed-antiquity-seq_000000_0-q025-f120,-0.04052149046000001,0.05227077948600001,0.49430074952
mixed-antiquity-seq_000000_0-q025-f126,-0.048354989179999995,0.044023127816,0.5014629665
mixed-antiquity-seq_000000_0-q025-f132,-0.03695274918599999,0.032675242704,0.5080549094
mixed-antiquity-seq_000000_0-q025-f138,-0.0517585683,0.036889541057,0.51805252134
mixed-antiquity-seq_000000_0-q025-f144,-0.05191785046,0.038654929632,0.5217878558000001
mixed-antiquity-seq_000000_0-q025-f150,-0.053834020600000004,0.03855578478,0.5212245228000001
mixed-antiquity-seq_000000_0-q025-f156,-0.05530169506,0.040347427199999994,0.5242421512
mixed-antiquity-seq_000000_0-q025-f162,-0.0534612378,0.03643162296,0.51814661192
mixed-antiquity-seq_000000_0-q025-f168,-0.056086020252,0.04042220209,0.5099888586000001
mixed-antiquity-seq_000000_0-q025-f174,-0.060524832188000005,0.04547216862799999,0.5052153426
mixed-antiquity-seq_000000_0-q025-f180,-0.06917208550000001,0.042238878936,0.5019246292
mixed-antiquity-seq_000000_0-q025-f186,-0.0764364191,0.04159774605999999,0.50880511994
mixed-antiquity-seq_000000_0-q026-f000,-0.07010515026000001,-0.12792258337,0.3967159249
mixed-antiquity-seq_000000_0-q026-f006,-0.033034503932000005,-0.1072825226,0.41676965226
mixed-antiquity-seq_000000_0-q026-f012,-0.00530855,-0.07349605788000001,0.4465889859
mixed-antiquity-seq_000000_0-q026-f018,0.015853669151,-0.023794382844,0.46025371416
mixed-antiquity-seq_000000_0-q026-f024,-0.00205747735,0.016312814342,0.4696498939
mixed-antiquity-seq_000000_0-q026-f030,0.009949475155999999,0.040646542384000006,0.45684606964
mixed-antiquity-seq_000000_0-q026-f036,0.0165776047776,0.056195440443999996,0.46674682
mixed-antiquity-seq_000000_0-q026-f042,0.0240808171632,0.05671579265599999,0.46276773194000004
mixed-antiquity-seq_000000_0-q026-f048,0.028207878026,0.06023116301400001,0.46759832269999996
mixed-antiquity-seq_000000_0-q026-f054,0.030743431206,0.056180601872000004,0.4662168468
mixed-antiquity-seq_000000_0-q026-f060,0.034318266464,0.06115198478,0.4652438284
mixed-antiquity-seq_000000_0-q026-f066,0.027677840618,0.06096105022,0.46018678704000004
mixed-antiquity-seq_000000_0-q026-f072,0.031494564529,0.06439002955999999,0.46067506716000006
mixed-antiquity-seq_000000_0-q026-f078,0.01550940728228,0.07584367900000001,0.45508629396
mixed-antiquity-seq_000000_0-q026-f084,0.0110869735864,0.07724769664,0.45291236471999996
mixed-antiquity-seq_000000_0-q026-f090,-0.0004283447440000002,0.06558737889999999,0.44270623406000004
mixed-antiquity-seq_000000_0-q026-f096,-0.0006703334560000012,0.06755122008999999,0.44002847856000005
mixed-antiquity-seq_000000_0-q026-f102,0.0026442059779999997,0.07070371271999999,0.44219630434
mixed-antiquity-seq_000000_0-q026-f108,-0.007932934680000002,0.07205082037999999,0.44634900992000004
mixed-antiquity-seq_000000_0-q026-f114,-0.02337559474,0.077088732274,0.4516143107
mixed-antiquity-seq_000000_0-q026-f120,-0.034868532214,0.07091631724,0.4671925611
mixed-antiquity-seq_000000_0-q026-f126,-0.04797096128,0.055822178660000006,0.47770932432
mixed-antiquity-seq_000000_0-q026-f132,-0.039707667832,0.054064983812000006,0.49070906789999996
mixed-antiquity-seq_000000_0-q026-f138,-0.053679418300000004,0.056908267289999995,0.49379849768
mixed-antiquity-seq_000000_0-q026-f144,-0.051882960968,0.060680184559999996,0.5015642828
mixed-antiquity-seq_000000_0-q026-f150,-0.055092712700000004,0.063600284452,0.5016612380000001
mixed-antiquity-seq_000000_0-q026-f156,-0.05636489022800001,0.0643289046,0.5046294828
mixed-antiquity-seq_000000_0-q026-f162,-0.060350274460000006,0.057453400086,0.50043333032
mixed-antiquity-seq_000000_0-q026-f168,-0.06995450808,0.05965175227999999,0.48765629272
mixed-antiquity-seq_000000_0-q026-f174,-0.06735985274,0.064960111032,0.48466727412000005
mixed-antiquity-seq_000000_0-q026-f180,-0.07681908436000001,0.058531803386,0.47657858908
mixed-antiquity-seq_000000_0-q026-f186,-0.08821974972,0.061585770914,0.48362124609999996
mixed-antiquity-seq_000000_0-q027-f000,0.10606320044,-0.07952678939000002,0.25196737234
mixed-antiquity-seq_000000_0-q027-f006,0.086053396332,-0.07513335446,0.2826488078
mixed-antiquity-seq_000000_0-q027-f012,0.070440130868,-0.054563107454000004,0.31760046254
mixed-antiquity-seq_000000_0-q027-f018,0.049364781494,-0.011366922392,0.3514063236
mixed-antiquity-seq_000000_0-q027-f024,0.024328068614,0.040212984166,0.37744794826
mixed-antiquity-seq_000000_0-q027-f030,-0.0012150107364999998,0.052893752620000005,0.38211946900000004
mixed-antiquity-seq_000000_0-q027-f036,-0.017382606094,0.066779418584,0.3918228351
mixed-antiquity-seq_000000_0-q027-f042,-0.025201175909999998,0.08161635771999999,0.39364359530000004
mixed-antiquity-seq_000000_0-q027-f048,-0.029663427086,0.08492231595000001,0.39235099766000003
mixed-antiquity-seq_000000_0-q027-f054,-0.03421476006,0.080606154408,0.39232231892
mixed-antiquity-seq_000000_0-q027-f060,-0.032191270634,0.08276486966,0.39262003994
mixed-antiquity-seq_000000_0-q027-f066,-0.02815948898,0.08571000266800001,0.38831014824000004
mixed-antiquity-seq_000000_0-q027-f072,-0.027727941439999997,0.08410652385999999,0.3875753376
mixed-antiquity-seq_000000_0-q027-f078,-0.03372846838,0.08526402384,0.3889412722000001
mixed-antiquity-seq_000000_0-q027-f084,-0.03623111962,0.08258765392999999,0.38703946634
mixed-antiquity-seq_000000_0-q027-f090,-0.03109150077,0.0808532353,0.38307196705999996
mixed-antiquity-seq_000000_0-q027-f096,-0.032030420304,0.0789214756,0.38392855315999996
mixed-antiquity-seq_000000_0-q027-f102,-0.033591063777999995,0.07934081084,0.38284289456000004
mixed-antiquity-seq_000000_0-q027-f108,-0.042199287248,0.07340484074,0.38976174648
mixed-antiquity-seq_000000_0-q027-f114,-0.046787845634,0.07192695657999999,0.39129277446
mixed-antiquity-seq_000000_0-q027-f120,-0.05244991002,0.071749889548,0.39733764428
mixed-antiquity-seq_000000_0-q027-f126,-0.06785987712000001,0.061772197388,0.406512719
mixed-antiquity-seq_000000_0-q027-f132,-0.06469212408000001,0.061590615914,0.41040847614000003
mixed-antiquity-seq_000000_0-q027-f138,-0.069961716972,0.052913468606,0.41028605704
mixed-antiquity-seq_000000_0-q027-f144,-0.069691792,0.052250761526,0.41530411000000006
mixed-antiquity-seq_000000_0-q027-f150,-0.070711153928,0.05126892359,0.41995241745999995
mixed-antiquity-seq_000000_0-q027-f156,-0.07015676002,0.04969615586,0.42274501845999995
mixed-antiquity-seq_000000_0-q027-f162,-0.07063474202,0.05476524968,0.4290394908
mixed-antiquity-seq_000000_0-q027-f168,-0.06729635134,0.066060207832,0.43347742743999995
mixed-antiquity-seq_000000_0-q027-f174,-0.07146354442,0.06277015578,0.43309239750000006
mixed-antiquity-seq_000000_0-q027-f180,-0.07231458785200001,0.058252239908000006,0.43238242169999996
mixed-antiquity-seq_000000_0-q027-f186,-0.0761114276,0.06274785766,0.43843473134000005
mixed-antiquity-seq_000000_0-q028-f000,0.10741090048000002,-0.07897958102000001,0.25309102828
mixed-antiquity-seq_000000_0-q028-f006,0.08717900611,-0.07467093641200001,0.2836874698
mixed-antiquity-seq_000000_0-q028-f012,0.07131559938000001,-0.05392511193,0.31878348454000005
mixed-antiquity-seq_000000_0-q028-f018,0.049953572588000004,-0.010699586120000002,0.35238411564
mixed-antiquity-seq_000000_0-q028-f024,0.02486686467,0.040636660992,0.37829174464
mixed-antiquity-seq_000000_0-q028-f030,-0.000305486355232,0.053257757568,0.38281270446000004
mixed-antiquity-seq_000000_0-q028-f036,-0.016576098632,0.067116418268,0.39247001694
mixed-antiquity-seq_000000_0-q028-f042,-0.024304117564,0.08180244417999999,0.39426934379999995
mixed-antiquity-seq_000000_0-q028-f048,-0.028779721589999998,0.08515989988,0.39302552220000003
mixed-antiquity-seq_000000_0-q028-f054,-0.03337827706,0.08072960332,0.3929559782
mixed-antiquity-seq_000000_0-q028-f060,-0.031348288544,0.08292720397999999,0.39327780376000004
mixed-antiquity-seq_000000_0-q028-f066,-0.027325246350000002,0.08587731727999999,0.38882818092
mixed-antiquity-seq_000000_0-q028-f072,-0.02687243958,0.08426669989999999,0.388140958
mixed-antiquity-seq_000000_0-q028-f078,-0.0328400364,0.08538718016800001,0.38953277940000003
mixed-antiquity-seq_000000_0-q028-f084,-0.03540229274000001,0.08267498582,0.3876776594
mixed-antiquity-seq_000000_0-q028-f090,-0.030464992466000002,0.08088673924,0.38384730708
mixed-antiquity-seq_000000_0-q028-f096,-0.031316418468,0.07891417077200001,0.384613483
mixed-antiquity-seq_000000_0-q028-f102,-0.032850079186,0.0793760664,0.3834739582
mixed-antiquity-seq_000000_0-q028-f108,-0.041606912648,0.07343991079000001,0.39051076072
mixed-antiquity-seq_000000_0-q028-f114,-0.046154603615999996,0.07191450857,0.3919646771
mixed-antiquity-seq_000000_0-q028-f120,-0.051891965330000005,0.07172704983999999,0.3980011796
mixed-antiquity-seq_000000_0-q028-f126,-0.06730363744,0.061733248155999995,0.40718172240000006
mixed-antiquity-seq_000000_0-q028-f132,-0.06410465746,0.061523104333999996,0.41113344954
mixed-antiquity-seq_000000_0-q028-f138,-0.06936458214,0.05294496070000001,0.41110288046
mixed-antiquity-seq_000000_0-q028-f144,-0.06913126244000001,0.052338706808,0.4160836564
mixed-antiquity-seq_000000_0-q028-f150,-0.0701503137,0.05133589843,0.42075316592
mixed-antiquity-seq_000000_0-q028-f156,-0.06953341048,0.04983072437999999,0.42356681214
mixed-antiquity-seq_000000_0-q028-f162,-0.07000666376,0.054872715589999996,0.42989334799999995
mixed-antiquity-seq_000000_0-q028-f168,-0.06679686384,0.066380435792,0.43463513812000004
mixed-antiquity-seq_000000_0-q028-f174,-0.071110595628,0.06306938058,0.43409258186
mixed-antiquity-seq_000000_0-q028-f180,-0.07205192694,0.058621238927999995,0.4334108944
mixed-antiquity-seq_000000_0-q028-f186,-0.07570762152,0.06308897181999999,0.43943980468
mixed-antiquity-seq_000000_0-q029-f000,-0.07245174396,-0.12184408013,0.40260512334000004
mixed-antiquity-seq_000000_0-q029-f006,-0.034735821640000004,-0.10348412034,0.4219619925
mixed-antiquity-seq_000000_0-q029-f012,-0.006861178366,-0.07151869456000001,0.45164025196000007
mixed-antiquity-seq_000000_0-q029-f018,0.014506490975199998,-0.026661381034000002,0.46665685014
mixed-antiquity-seq_000000_0-q029-f024,-0.0016916735399999997,0.0040629358846,0.47818482772
mixed-antiquity-seq_000000_0-q029-f030,0.009964871964319999,0.028010973036,0.46555582364
mixed-antiquity-seq_000000_0-q029-f036,0.016897989949599998,0.041826094891999996,0.47531590636
mixed-antiquity-seq_000000_0-q029-f042,0.02443897101,0.042700984453999995,0.4710334202
mixed-antiquity-seq_000000_0-q029-f048,0.02822516309,0.04433322266,0.47544179594
mixed-antiquity-seq_000000_0-q029-f054,0.030326049544000002,0.039530810016,0.4738356512
mixed-antiquity-seq_000000_0-q029-f060,0.03467970092,0.044659903826000005,0.4723622411
mixed-antiquity-seq_000000_0-q029-f066,0.02820793368,0.045022337286,0.46756771067999997
mixed-antiquity-seq_000000_0-q029-f072,0.031738106316,0.046181795112,0.46795915365999996
mixed-antiquity-seq_000000_0-q029-f078,0.016083389115,0.05598043356,0.4625794712
mixed-antiquity-seq_000000_0-q029-f084,0.011514458677,0.057549363764,0.46055803143999996
mixed-antiquity-seq_000000_0-q029-f090,0.0005680671619999995,0.047012698575999996,0.45052087024
mixed-antiquity-seq_000000_0-q029-f096,0.00042785242599999965,0.04791487704,0.4473118498
mixed-antiquity-seq_000000_0-q029-f102,0.0036244476089999987,0.05089053362,0.4493828234
mixed-antiquity-seq_000000_0-q029-f108,-0.007070790006000001,0.05215337213,0.45385576
mixed-antiquity-seq_000000_0-q029-f114,-0.02214943032,0.055546103113999996,0.4592040704
mixed-antiquity-seq_000000_0-q029-f120,-0.03284144976,0.048446525186,0.4742473067
mixed-antiquity-seq_000000_0-q029-f126,-0.045034500936,0.034093593722,0.48335410694000003
mixed-antiquity-seq_000000_0-q029-f132,-0.036886915580000006,0.031079331433999997,0.49612260094000005
mixed-antiquity-seq_000000_0-q029-f138,-0.050034944292,0.033633220310999995,0.49896856219999997
mixed-antiquity-seq_000000_0-q029-f144,-0.048596538120000005,0.037054669468,0.5064247884
mixed-antiquity-seq_000000_0-q029-f150,-0.051861745712,0.039059680748,0.5063452082000001
mixed-antiquity-seq_000000_0-q029-f156,-0.052769860768,0.039097186298,0.50801293608
mixed-antiquity-seq_000000_0-q029-f162,-0.056207668675999994,0.032751352539399994,0.50349814252
mixed-antiquity-seq_000000_0-q029-f168,-0.06546459859999999,0.03430573771499999,0.48900154512
mixed-antiquity-seq_000000_0-q029-f174,-0.06322150924,0.039587292367999995,0.48617503106
mixed-antiquity-seq_000000_0-q029-f180,-0.07284249007,0.034917213589999996,0.47767300683999997
mixed-antiquity-seq_000000_0-q029-f186,-0.08433019471999999,0.0373269884936,0.48353928934
mixed-antiquity-seq_000000_0-q030-f000,0.023342439224000002,-0.12174550836800001,0.40306099
mixed-antiquity-seq_000000_0-q030-f006,0.024364251862,-0.10845438479,0.42767271376000005
mixed-antiquity-seq_000000_0-q030-f012,0.02860648506,-0.07714899958,0.45193788014
mixed-antiquity-seq_000000_0-q030-f018,0.050434537300000006,-0.01799553562,0.47995453328
mixed-antiquity-seq_000000_0-q030-f024,0.038393045589999994,0.023866154306,0.4927261178
mixed-antiquity-seq_000000_0-q030-f030,0.056828965032,0.04462042342,0.4944438124800001
mixed-antiquity-seq_000000_0-q030-f036,0.058620496944000004,0.056395581348,0.49707051116
mixed-antiquity-seq_000000_0-q030-f042,0.06074655972799999,0.058106151932,0.49029081010000003
mixed-antiquity-seq_000000_0-q030-f048,0.059301931492,0.056192239408,0.49041783320000004
mixed-antiquity-seq_000000_0-q030-f054,0.057961520839999996,0.056165654894,0.48568200776000003
mixed-antiquity-seq_000000_0-q030-f060,0.06150087396,0.06567051740799999,0.48411020004000005
mixed-antiquity-seq_000000_0-q030-f066,0.060230785046,0.07319172818,0.48039596607999996
mixed-antiquity-seq_000000_0-q030-f072,0.06598106712,0.07220763245999999,0.47862397152
mixed-antiquity-seq_000000_0-q030-f078,0.065057018614,0.07577681225,0.4796273617
mixed-antiquity-seq_000000_0-q030-f084,0.062971345366,0.08143817678,0.47183829948
mixed-antiquity-seq_000000_0-q030-f090,0.060814869720000005,0.07452059663199999,0.47171883290000005
mixed-antiquity-seq_000000_0-q030-f096,0.061767563146,0.077872679592,0.47199270626
mixed-antiquity-seq_000000_0-q030-f102,0.063845161226,0.08084024276,0.46756210544000004
mixed-antiquity-seq_000000_0-q030-f108,0.06031906415399999,0.08360919368,0.47141781334
mixed-antiquity-seq_000000_0-q030-f114,0.053456057326,0.07923648867399999,0.47022204155999997
mixed-antiquity-seq_000000_0-q030-f120,0.05020848277199999,0.079098750548,0.47457091234000004
mixed-antiquity-seq_000000_0-q030-f126,0.04623897201,0.0797675194,0.46989155465999993
mixed-antiquity-seq_000000_0-q030-f132,0.049377331528,0.078693672584,0.4759400851
mixed-antiquity-seq_000000_0-q030-f138,0.04712935412,0.07994114514,0.477874541
mixed-antiquity-seq_000000_0-q030-f144,0.045065934765999995,0.07801929799,0.47813977796
mixed-antiquity-seq_000000_0-q030-f150,0.050651705885999994,0.07994261476,0.4753991715
mixed-antiquity-seq_000000_0-q030-f156,0.046570268312,0.07762568527199999,0.4762659188
mixed-antiquity-seq_000000_0-q030-f162,0.04313623824,0.07634206305999999,0.47380529390000004
mixed-antiquity-seq_000000_0-q030-f168,0.038869377994,0.07588639361999999,0.47324149848
mixed-antiquity-seq_000000_0-q030-f174,0.035783588506,0.075860384128,0.4677529596
mixed-antiquity-seq_000000_0-q030-f180,0.03083785707,0.07130055591,0.46856687646
mixed-antiquity-seq_000000_0-q030-f186,0.030809324693999995,0.072387586126,0.47233480674000006
mixed-antiquity-seq_000000_0-q031-f000,-0.13042125326,-0.12264857754,0.4141293307
mixed-antiquity-seq_000000_0-q031-f006,-0.09624621678,-0.10670433597199999,0.4387938714
mixed-antiquity-seq_000000_0-q031-f012,-0.06419307662,-0.07053570456000001,0.46665384264
mixed-antiquity-seq_000000_0-q031-f018,-0.035031409560000004,-0.029872699390000004,0.47884214806000003
mixed-antiquity-seq_000000_0-q031-f024,-0.03307038383,0.004631531953399999,0.49519038940000004
mixed-antiquity-seq_000000_0-q031-f030,-0.021859417680000003,0.025252225790000003,0.48636665462
mixed-antiquity-seq_000000_0-q031-f036,-0.002876965124000001,0.040001171764000004,0.49876161466
mixed-antiquity-seq_000000_0-q031-f042,0.007893864949399998,0.03203936572,0.49596458728
